employee_id,name,age,department,job_level,location,salary,years_with_company,last_performance_rating,is_remote,promotion_last_2_years,left_company
E10000,Anthony Stone,47,Finance,Director,London,56909,8,4,False,0,0
E10001,John Berry,21,HR,Junior,New York,98039,21,1,True,1,0
E10002,Timothy Garcia,37,Legal,Junior,Remote,14732,18,5,True,1,0
E10003,Renee Flowers,38,Admin,Lead,Bangalore,44139,8,2,True,0,0
E10004,Cesar Myers,53,Operations,Junior,Tokyo,85511,10,2,False,0,0
E10005,Nicholas Schmidt,36,Marketing,Manager,Tokyo,92850,37,4,False,0,0
E10006,Karen Johnson,21,HR,VP,Remote,69566,31,4,False,0,1
E10007,Alexandra Barker,43,Legal,Mid,New York,74165,14,2,True,1,0
E10008,Antonio Olsen,21,Admin,C-level,Remote,102759,30,5,False,1,0
E10009,Amanda Flores DDS,31,R&D,Mid,Remote,116389,11,5,False,1,1
E10010,Nicholas Greene,32,Operations,Lead,Bangalore,64134,19,4,True,0,0
E10011,David Rose,21,R&D,Junior,Tokyo,40526,28,4,True,1,1
E10012,Jonathan Clark,59,Admin,Manager,New York,83130,15,1,False,1,0
E10013,Barry Thomas,37,Admin,Junior,Berlin,63331,36,2,True,0,0
E10014,Jason Williams,27,Operations,Senior,Bangalore,67459,6,2,False,0,0
E10015,Jennifer Barton,23,Sales,Intern,New York,52761,16,5,True,1,1
E10016,Mary Ashley,62,Sales,Junior,Tokyo,108319,38,4,False,1,0
E10017,Darrell Flores,39,HR,Senior,New York,30344,32,3,False,1,0
E10018,Shannon Francis,29,R&D,Senior,Bangalore,83323,6,5,False,0,0
E10019,Paula Gonzalez,38,Operations,Junior,Tokyo,58715,23,5,False,0,1
E10020,Willie Vasquez,43,Sales,Manager,Bangalore,87735,24,5,False,0,0
E10021,Catherine Brewer,54,Operations,Manager,Tokyo,63294,30,3,False,0,1
E10022,Jennifer Lynn,63,R&D,VP,San Francisco,29677,34,2,True,0,0
E10023,Sabrina Glenn,37,Operations,Lead,Bangalore,74877,10,3,False,1,1
E10024,Jennifer Rodgers,40,HR,Intern,London,65458,16,5,True,1,0
E10025,Linda Howe,55,R&D,Junior,San Francisco,51956,33,1,True,1,0
E10026,Joy Riley,30,Admin,Mid,Tokyo,48494,8,1,False,1,0
E10027,Steven Camacho,19,HR,VP,Tokyo,71833,28,1,True,1,0
E10028,Nancy Griffin,46,Sales,Manager,New York,50937,27,1,False,1,1
E10029,Cheryl Allen,28,IT,C-level,New York,111851,30,1,True,1,0
E10030,Jessica Parker,57,Legal,C-level,San Francisco,62148,5,3,True,0,1
E10031,Jody Davidson,35,R&D,Lead,New York,84915,11,2,True,0,0
E10032,Patricia Johnson,59,HR,Intern,London,79859,12,1,True,0,0
E10033,John Myers MD,61,HR,Intern,Bangalore,112661,14,2,False,1,1
E10034,Paul King,36,Operations,Junior,Bangalore,81246,13,4,False,1,1
E10035,Richard Pratt,20,Legal,Intern,San Francisco,112675,26,4,True,1,1
E10036,Sheena Kelly,47,Legal,VP,Tokyo,82339,39,2,True,1,1
E10037,Carl Fisher,30,Legal,Lead,London,63594,18,3,False,0,1
E10038,Leslie Benson,60,Marketing,Manager,Remote,63265,4,1,True,1,1
E10039,David Glenn,39,Marketing,Intern,San Francisco,58138,16,2,False,1,0
E10040,Scott Porter,30,HR,Mid,Remote,74059,35,2,False,1,0
E10041,Tanya Howard,54,IT,VP,Bangalore,109096,39,4,True,0,1
E10042,Julie Young,43,IT,Lead,Tokyo,78581,1,2,False,0,1
E10043,Emily Patton,39,Operations,Lead,San Francisco,79789,32,4,True,1,0
E10044,Stephanie Flores,61,Legal,Junior,Tokyo,55115,35,1,True,0,1
E10045,Jessica Reid,33,Admin,Junior,New York,75701,19,3,True,0,0
E10046,Patrick Huber,35,Operations,Junior,Bangalore,93848,18,5,False,1,0
E10047,Melissa Luna,23,Operations,Director,New York,53216,29,1,True,0,0
E10048,Donna Bautista,38,Legal,Mid,San Francisco,93166,10,1,True,0,1
E10049,Justin Cole,18,Legal,Lead,San Francisco,108240,18,4,False,0,1
E10050,Derek Schroeder,60,Legal,Director,London,91565,19,4,True,0,1
E10051,Parker Garcia,20,HR,Senior,Bangalore,91937,22,3,True,0,1
E10052,Barry Graves,44,Marketing,Junior,Berlin,81590,19,2,True,1,0
E10053,Troy Ware,63,IT,C-level,Bangalore,71637,33,4,True,0,1
E10054,Bobby Kirk,37,HR,Junior,Tokyo,28339,29,3,False,0,1
E10055,Shirley Martin,30,Operations,Lead,Berlin,45762,35,1,True,1,0
E10056,Rebecca Todd,36,Operations,Lead,Bangalore,93044,23,4,False,1,1
E10057,Crystal Hill,19,Finance,Mid,Berlin,87601,28,1,False,1,1
E10058,Stephanie Wallace,37,Sales,VP,Berlin,66961,34,3,False,0,1
E10059,Rhonda Pearson,63,Marketing,VP,San Francisco,80750,4,1,True,1,1
E10060,Amanda Mccarty,60,IT,Intern,Tokyo,281901,15,1,True,0,1
E10061,Matthew Shaw,33,Admin,Intern,Berlin,90588,23,4,True,1,0
E10062,Marissa Stein,37,IT,Lead,London,55368,39,3,True,0,1
E10063,Danielle Dean,48,Marketing,VP,Berlin,82930,9,5,True,1,1
E10064,Debbie Lewis,47,Finance,Mid,London,100279,28,2,False,0,0
E10065,Edward Espinoza,47,Sales,Senior,Bangalore,44383,39,1,False,0,0
E10066,John Rich,43,Legal,Manager,San Francisco,67974,36,3,False,1,1
E10067,Cameron Krueger,19,Operations,C-level,New York,83068,18,3,True,0,1
E10068,Donald Barnes,33,Sales,Mid,Remote,83079,7,2,False,1,1
E10069,Katherine Edwards,21,IT,Senior,New York,94465,11,4,True,1,1
E10070,Kimberly Lewis,22,Legal,Mid,Bangalore,82816,32,3,False,1,1
E10071,Kathryn Miller,58,Operations,Mid,Remote,58371,8,2,False,0,0
E10072,Emily Thompson,33,Finance,Junior,Tokyo,48840,7,4,False,0,0
E10073,David Valencia,58,R&D,C-level,Berlin,81014,23,2,False,1,1
E10074,Jennifer Johnston,46,HR,C-level,Remote,75040,35,4,True,1,0
E10075,Erika Pitts,46,R&D,Manager,Tokyo,81458,28,4,False,1,1
E10076,Jeremiah Bell,44,Marketing,C-level,San Francisco,29162,9,1,False,1,1
E10077,Steve Diaz,36,Legal,Junior,Bangalore,76793,16,2,True,1,1
E10078,Zachary Cohen,27,Legal,Lead,San Francisco,59906,27,5,False,0,0
E10079,Michelle Neal,36,Admin,C-level,London,84590,18,2,True,1,0
E10080,Linda Hoffman,31,Admin,Junior,Remote,77774,11,4,True,0,0
E10081,David Owen,32,Operations,C-level,Berlin,59892,26,5,True,0,0
E10082,Thomas Stone,50,Marketing,Lead,New York,41770,11,1,False,1,0
E10083,Mike Paul,55,Sales,Manager,Remote,78818,23,1,True,1,0
E10084,Jose Jones,51,Sales,Manager,Tokyo,57988,33,5,False,1,0
E10085,Robin King,61,R&D,Intern,San Francisco,72544,33,5,False,0,1
E10086,Melissa Kim,18,HR,Mid,Bangalore,51218,37,5,True,0,1
E10087,Robin Vaughn,51,Legal,Junior,Berlin,33655,34,1,True,1,0
E10088,Emily Avila,61,IT,Mid,Tokyo,100414,19,4,True,0,1
E10089,Claudia Morgan,37,Operations,Director,London,38676,34,2,False,1,1
E10090,Michael Stewart,56,HR,C-level,New York,56495,23,1,False,0,0
E10091,Christopher Chung,25,Legal,Manager,Remote,115587,38,5,False,1,1
E10092,Susan Wilkinson,47,Marketing,Senior,Berlin,57393,12,5,True,0,1
E10093,Maria Wiggins,56,Admin,C-level,Berlin,102297,24,1,False,0,0
E10094,Mariah Carter,41,IT,C-level,Bangalore,73421,4,4,False,1,1
E10095,Thomas Cook,43,Marketing,C-level,Tokyo,52274,6,3,False,1,1
E10096,Darlene Johns,49,R&D,Intern,London,60367,32,1,True,1,1
E10097,Joseph Barajas,35,Legal,Director,Remote,58412,19,2,True,0,0
E10098,Brenda Young,45,Operations,Lead,Remote,49530,9,1,True,0,0
E10099,Ryan Lewis,23,HR,Intern,Tokyo,88064,16,2,False,0,1
E10100,Charles Blair,19,R&D,Director,Tokyo,66838,39,5,True,1,1
E10101,Emma Vargas,25,IT,VP,Berlin,72426,5,5,True,1,1
E10102,Christine Diaz,38,Admin,Director,San Francisco,47516,35,4,True,1,0
E10103,Stephen Schwartz,45,HR,Manager,London,100241,25,1,False,1,0
E10104,Adriana Fox,37,HR,VP,London,80028,23,2,True,0,1
E10105,Catherine Richardson,38,HR,Junior,Berlin,93594,35,4,False,0,0
E10106,Clifford Murphy,57,Sales,Director,London,72178,20,1,True,1,1
E10107,Jessica Hernandez,56,Marketing,Intern,Bangalore,73103,33,1,True,0,1
E10108,Sandra Walker,23,R&D,Manager,San Francisco,72431,33,1,False,1,1
E10109,Michelle Williams,62,R&D,VP,London,63489,5,3,True,1,0
E10110,Ray Smith,40,Marketing,Mid,Bangalore,57234,31,4,True,0,1
E10111,Heather Rodriguez,29,IT,Mid,San Francisco,65923,35,5,True,0,1
E10112,Wendy Oliver,36,Operations,Senior,New York,86614,14,1,True,0,1
E10113,Christian Harper,44,R&D,VP,Bangalore,68081,11,2,True,0,1
E10114,Ruth Wiggins,33,Finance,Mid,Berlin,86959,24,2,False,0,1
E10115,Travis Williams,35,IT,Manager,New York,42502,31,5,False,1,1
E10116,Amanda Tran,31,Finance,Manager,Berlin,45299,3,5,True,0,1
E10117,Kenneth Ramirez,38,Marketing,Manager,New York,95927,29,2,True,0,0
E10118,James Jacobson,32,HR,Senior,Berlin,73712,13,4,False,1,0
E10119,Gina Mccarty,20,IT,Manager,Bangalore,88150,19,4,True,1,1
E10120,Kristen Rangel,28,Sales,Intern,Tokyo,221887,32,3,False,0,0
E10121,Dawn Collins,57,Legal,VP,Remote,96073,30,5,False,0,1
E10122,Rita Morgan,22,Operations,VP,Berlin,85252,31,3,False,1,0
E10123,Dean Phillips,61,Finance,Lead,Remote,78661,11,2,True,1,0
E10124,Susan Mitchell,32,Sales,VP,New York,68673,4,5,False,0,1
E10125,Christina Hill,19,HR,Lead,Remote,82943,2,2,False,1,0
E10126,Mr. Charles Smith,60,Operations,Director,San Francisco,102576,0,3,False,1,1
E10127,John Robinson,22,Legal,Director,Tokyo,57716,22,3,False,1,1
E10128,Russell Collins,38,Marketing,Lead,Tokyo,77079,31,2,False,0,0
E10129,Rachel Carroll,25,Finance,Director,London,68059,11,2,False,0,0
E10130,Valerie Cole,44,R&D,Junior,San Francisco,60815,23,3,True,1,0
E10131,Alex Johnson,48,Legal,Mid,Tokyo,90554,2,4,False,1,0
E10132,Denise Ramirez,62,HR,Junior,Tokyo,82732,25,1,True,0,0
E10133,Robert Conway,41,R&D,Senior,Remote,120082,24,1,False,1,0
E10134,Cindy Howell,43,Marketing,C-level,London,88689,33,1,True,0,0
E10135,John Freeman,41,HR,C-level,London,31263,23,4,False,1,1
E10136,Brian Smith,46,R&D,C-level,Bangalore,99912,25,5,True,1,1
E10137,Luis Giles,34,Finance,Manager,London,61121,25,4,True,0,0
E10138,Jose Craig,42,R&D,C-level,London,89639,23,4,False,0,1
E10139,Rachel Clark,29,Finance,C-level,Bangalore,69064,18,3,True,1,0
E10140,Mark Fowler,43,Marketing,VP,Tokyo,65963,36,4,False,0,1
E10141,Amy Lewis,63,Legal,Director,Tokyo,80101,27,3,False,0,0
E10142,Krystal Cannon,63,Admin,Junior,Remote,72628,14,1,False,1,1
E10143,Andrew Young,29,Marketing,Senior,Bangalore,56673,32,4,True,1,0
E10144,Michael Martin,29,Legal,C-level,Berlin,31934,28,4,False,0,0
E10145,Edward Booth,54,Sales,VP,Remote,63135,30,3,False,1,1
E10146,Luis Barr,34,Admin,C-level,Tokyo,81536,16,4,False,1,1
E10147,Monica Weiss,45,Legal,Senior,San Francisco,57458,16,1,False,1,1
E10148,Kenneth Allen,33,Sales,VP,Tokyo,31078,27,5,False,1,0
E10149,Brian Kirby,31,IT,Director,Berlin,53059,25,4,False,0,1
E10150,Sheri Whitaker,35,IT,Lead,Bangalore,14026,18,1,True,0,0
E10151,William Rhodes,25,IT,Senior,Berlin,76192,27,3,True,1,1
E10152,Annette Huff,56,Legal,Director,New York,64305,9,3,False,0,1
E10153,Sandra Miles,53,Legal,Director,Remote,80527,20,3,True,1,0
E10154,Deborah Shaw,37,Finance,VP,Remote,71435,19,4,True,1,0
E10155,Brandon Thomas,34,Finance,Manager,Remote,65189,30,3,False,0,0
E10156,Tammy Kennedy,21,Operations,Mid,Remote,55914,34,5,False,1,1
E10157,Bruce Howard,56,Finance,Mid,New York,96841,32,5,False,0,0
E10158,Kyle Bell DDS,23,Finance,Senior,New York,96019,19,2,False,0,0
E10159,Carlos Sanders,31,Sales,Mid,Bangalore,28677,9,3,True,0,0
E10160,Eugene Cruz,28,HR,VP,Remote,62061,20,4,True,1,1
E10161,Brittany Zamora,34,Admin,C-level,New York,56394,22,3,True,1,1
E10162,Jerry Hunt,35,Admin,Junior,Remote,91100,11,1,True,1,1
E10163,Brittney Williams,62,Admin,Mid,New York,76370,33,2,True,1,0
E10164,David Leon,23,HR,C-level,San Francisco,77360,31,2,False,1,0
E10165,Rebecca Ross,18,Operations,Mid,Tokyo,44977,36,1,True,0,0
E10166,Allison Smith,53,Legal,Manager,Bangalore,-31775,19,4,True,1,0
E10167,Tracy Booth,32,Operations,Junior,Remote,82482,39,4,False,0,1
E10168,Helen Price,27,R&D,VP,San Francisco,71558,37,5,False,1,0
E10169,Rachel Bell,57,R&D,Junior,Tokyo,46385,19,1,True,0,0
E10170,Kristy Lane,57,IT,Director,New York,81653,26,2,True,1,0
E10171,Jessica Espinoza,64,Sales,Intern,San Francisco,108846,10,1,True,1,0
E10172,Derek Brooks,57,R&D,Senior,Tokyo,80973,25,2,True,1,0
E10173,Sheri Martinez,22,Marketing,Manager,Bangalore,77315,9,5,False,0,1
E10174,Troy Patton,56,R&D,Intern,Berlin,50868,7,5,True,0,1
E10175,Stephen Duran,63,Admin,VP,Berlin,102556,7,2,False,1,1
E10176,Kimberly Arnold,63,Finance,Lead,Bangalore,47723,28,1,True,0,1
E10177,Edwin Crawford,41,Operations,Director,San Francisco,83352,15,1,False,1,0
E10178,Jeremy Evans,29,R&D,Director,Remote,39996,12,3,True,1,1
E10179,Daniel Long,24,Operations,C-level,San Francisco,76415,24,4,False,1,0
E10180,Michael Davis,43,HR,Intern,Bangalore,118512,38,2,False,0,1
E10181,Katherine Lee,53,Operations,Junior,Remote,54244,16,1,True,0,1
E10182,Lisa Fitzpatrick,42,HR,Junior,London,54365,32,3,True,1,0
E10183,Regina White,20,Admin,Senior,San Francisco,74862,24,4,False,0,1
E10184,John Grant,44,HR,Manager,Berlin,61215,2,3,False,1,0
E10185,Sandra Lin,48,Finance,Intern,San Francisco,47966,5,2,True,0,1
E10186,Kathryn Walker,34,Finance,Mid,Remote,37956,13,3,False,0,0
E10187,Melissa Gilmore,52,R&D,Lead,New York,85955,14,2,True,1,1
E10188,Eric Barnes,61,Legal,Mid,New York,93658,30,3,True,0,0
E10189,Jason Mcbride,25,Legal,Director,Remote,76693,-17,3,False,0,0
E10190,Kyle Smith,30,HR,Director,Bangalore,75535,9,2,False,1,1
E10191,Peter Wright,48,Marketing,Intern,Berlin,100516,2,1,False,0,1
E10192,Rachel Berry,31,Sales,Mid,Berlin,41087,6,3,True,0,1
E10193,Robert Gibson,46,Admin,VP,New York,52106,20,2,False,0,0
E10194,Maria Morgan,61,Operations,VP,San Francisco,84844,25,4,False,0,1
E10195,Brandy Taylor,27,Sales,Lead,Tokyo,60960,36,4,False,0,1
E10196,Jason Smith,62,Marketing,Manager,Remote,86897,37,5,True,0,0
E10197,Luis Bryant,56,Admin,Senior,Berlin,46149,13,4,True,1,0
E10198,Steven Cooper,27,Operations,Junior,London,89981,0,5,False,1,0
E10199,Javier Gallagher,50,Marketing,C-level,Tokyo,41109,12,3,False,0,0
E10200,David Cooper,31,R&D,Junior,New York,60038,12,1,True,1,1
E10201,Sarah Johnson,21,IT,VP,San Francisco,84876,13,1,True,1,0
E10202,Adam Wood,48,Admin,Senior,San Francisco,76771,25,2,False,1,0
E10203,Jason Hurley,53,R&D,Senior,Bangalore,102805,12,5,True,0,0
E10204,Katherine Parker,24,IT,C-level,London,64586,19,5,False,0,0
E10205,Jessica Little,33,Legal,Manager,Tokyo,87134,19,1,False,1,0
E10206,Michael Holmes,43,HR,Director,New York,67765,11,2,True,0,0
E10207,Taylor Barnes,42,Finance,Manager,Bangalore,64618,14,1,False,0,0
E10208,Robert Arroyo,20,Finance,Mid,London,72632,2,3,False,1,1
E10209,Jeffrey Parker,50,HR,Senior,New York,70074,13,2,False,0,1
E10210,Shannon Sloan,44,HR,Intern,Berlin,73278,18,1,False,0,0
E10211,Ann Bruce MD,47,Operations,VP,Tokyo,85077,27,5,False,0,1
E10212,Ashley Todd,53,R&D,Mid,London,70085,17,1,True,0,1
E10213,Mark Molina,44,HR,C-level,New York,75611,0,1,False,1,0
E10214,Whitney Sherman,46,HR,Senior,New York,116139,21,2,True,0,0
E10215,Larry Olson,62,HR,Lead,London,58130,26,4,True,0,1
E10216,Kyle Yates,57,Marketing,Lead,Bangalore,85771,-28,3,False,0,1
E10217,Christine Williams,59,Finance,Intern,Remote,77353,2,2,True,0,1
E10218,Kimberly Davis,22,Marketing,Intern,Tokyo,83163,25,1,False,1,0
E10219,Joan Gutierrez,62,HR,Intern,Berlin,102597,3,1,False,1,1
E10220,Jennifer Goodwin,43,IT,Director,Berlin,88577,2,2,True,1,1
E10221,Tiffany Jenkins,35,IT,VP,New York,62623,13,2,True,0,1
E10222,Justin Evans,59,HR,Mid,Berlin,39366,27,2,True,0,1
E10223,Theresa Fleming,62,R&D,Junior,San Francisco,57780,9,3,True,0,1
E10224,Anthony Stewart,23,Operations,Lead,Remote,67840,29,3,False,0,1
E10225,Alice Carpenter,20,Sales,Lead,Bangalore,67698,6,5,False,0,1
E10226,Sherry Ramsey,28,IT,Manager,San Francisco,62397,12,3,False,0,0
E10227,Victoria Simpson,62,Legal,Director,San Francisco,72542,6,4,False,0,0
E10228,Michael Perez,25,HR,Lead,Berlin,82107,24,5,True,0,1
E10229,Helen Turner,32,Sales,Intern,Tokyo,72223,25,5,True,0,1
E10230,Aaron Ferguson,30,Admin,C-level,London,61901,18,5,True,1,1
E10231,Alejandro Weaver,46,Admin,Mid,Berlin,63452,16,1,False,0,0
E10232,Kristopher Oliver,59,Sales,VP,New York,60606,22,2,True,0,1
E10233,David Henry,36,Sales,Senior,Remote,61887,39,2,True,1,1
E10234,Sydney Rios,19,R&D,Lead,Remote,31589,27,1,True,1,0
E10235,Lisa Ramirez,58,Legal,C-level,Remote,76829,5,3,False,1,0
E10236,Haley Washington,26,R&D,VP,San Francisco,104464,6,1,True,1,0
E10237,Hailey Burton,31,Admin,Mid,London,63193,17,5,False,0,0
E10238,Keith Garcia,56,IT,Lead,Berlin,52490,15,3,False,0,1
E10239,Mr. Curtis Hayes PhD,19,HR,Junior,Bangalore,68315,23,3,True,0,0
E10240,Steven Castillo,30,Operations,Mid,Remote,72068,13,2,False,0,1
E10241,David Pham,56,Finance,Intern,Bangalore,64865,0,2,False,0,0
E10242,John Mullen,27,R&D,Director,San Francisco,74489,34,5,True,1,1
E10243,Stephanie Sanchez,53,Operations,Manager,Berlin,82682,35,2,False,1,0
E10244,James Andrews,26,Finance,C-level,Berlin,39002,3,1,True,0,0
E10245,Kara Decker,27,Finance,Director,Tokyo,58811,21,4,False,1,1
E10246,Julie Johnson,39,HR,Mid,Tokyo,79528,9,3,False,1,1
E10247,Kristin Martinez,63,Marketing,Manager,London,81431,11,4,False,0,0
E10248,Jessica Dickson,56,Operations,Senior,London,37167,3,3,True,0,0
E10249,Troy Stevens,64,Finance,VP,San Francisco,92400,36,1,True,1,0
E10250,Christine Cardenas,31,Admin,Manager,Tokyo,58257,14,2,False,0,0
E10251,Luke Rodriguez II,37,Finance,Senior,Bangalore,52191,34,2,False,0,0
E10252,Andrew Rhodes,18,HR,Mid,Berlin,88053,27,5,True,0,1
E10253,Christopher Edwards,50,Legal,Manager,New York,62469,18,3,False,1,0
E10254,David Sweeney,40,Marketing,C-level,Bangalore,91647,23,3,False,1,0
E10255,Sara Rodriguez,32,Legal,Senior,Bangalore,82779,32,5,False,1,1
E10256,Rachel Howard,62,Legal,Intern,Berlin,94902,12,5,False,1,0
E10257,Toni Payne,32,Legal,Manager,Berlin,85737,3,4,False,0,0
E10258,Juan Smith,48,IT,VP,New York,72475,30,5,True,1,0
E10259,Richard Cline,57,Sales,Mid,San Francisco,78830,11,1,True,1,0
E10260,Faith Bradley,50,Finance,Junior,London,35706,10,4,False,1,0
E10261,Benjamin Case,54,Legal,Mid,London,62633,13,5,True,0,0
E10262,Alex Burke,40,Operations,Mid,Berlin,56234,6,3,True,1,0
E10263,John Roberts,28,Operations,Lead,Remote,40954,10,4,True,0,0
E10264,William Bryant,27,Operations,Senior,New York,57079,3,5,True,0,0
E10265,James Norman,37,R&D,VP,London,92891,8,2,False,1,0
E10266,Holly Lopez,44,Sales,Mid,Remote,59815,6,5,False,0,0
E10267,Stephanie Robinson,30,IT,Lead,New York,89626,16,4,True,1,0
E10268,Kristina Pruitt,45,Admin,C-level,New York,80939,1,1,False,0,1
E10269,Franklin Campbell,34,HR,VP,Tokyo,71404,19,3,True,1,1
E10270,Phillip Clements,55,Sales,Director,San Francisco,38442,23,2,False,1,1
E10271,Terrance Wood,63,Marketing,Junior,Remote,65906,10,1,False,1,1
E10272,Randy Fuller,39,R&D,Intern,Bangalore,49062,26,1,True,0,1
E10273,Donna Smith,31,Sales,Lead,Remote,32854,24,4,False,1,0
E10274,David Dixon,37,HR,Junior,New York,61805,21,2,True,0,0
E10275,Michelle Hartman,54,Operations,Junior,London,85069,16,5,True,1,1
E10276,Amy Summers,39,Marketing,Intern,Bangalore,91401,38,2,False,0,1
E10277,Jeffery Crawford,29,Admin,VP,Remote,70054,6,4,True,1,1
E10278,Robert Farrell,46,Sales,Senior,Remote,80054,24,1,False,1,1
E10279,Nicholas Hunter,33,Admin,Manager,New York,69903,39,1,False,1,0
E10280,Andre Bailey,42,Finance,Manager,London,92585,22,4,False,1,1
E10281,April Conner,36,Operations,VP,Berlin,45198,4,2,False,1,0
E10282,Wendy Bautista,53,R&D,Lead,San Francisco,40977,34,5,False,1,1
E10283,Cindy Russell,20,Finance,C-level,Bangalore,80322,18,2,True,0,1
E10284,Kevin Vincent,57,Marketing,Lead,London,75571,17,5,False,1,1
E10285,Keith Ellis,51,Admin,Director,Bangalore,49151,11,1,False,0,0
E10286,Victoria House,46,Operations,Mid,Berlin,68768,33,1,True,0,0
E10287,Michelle Reynolds,35,IT,Intern,New York,86176,29,2,True,1,0
E10288,Elizabeth Chapman,42,Marketing,Lead,Remote,86485,13,5,True,1,1
E10289,Brandon Mcgee,51,R&D,Junior,Berlin,91731,6,1,True,1,0
E10290,Sue Woods,22,HR,C-level,Tokyo,51515,38,2,True,1,1
E10291,Julie Williams,44,Operations,Senior,Berlin,89151,33,5,False,1,1
E10292,Susan Rodriguez,23,HR,Junior,Tokyo,89343,23,2,True,1,1
E10293,Alexis Bolton,24,Admin,Director,Remote,95711,18,2,False,1,1
E10294,Robert Allen,50,Legal,Junior,Bangalore,96298,6,1,True,1,0
E10295,Courtney Rivera,49,Legal,Lead,Bangalore,41753,39,4,True,0,1
E10296,John Joyce,52,IT,C-level,Remote,23371,24,2,True,1,0
E10297,Monica Fernandez,35,Legal,VP,Tokyo,30444,8,4,True,0,1
E10298,Martin Ferguson,23,Legal,Director,San Francisco,63122,25,2,False,1,0
E10299,Tracy Butler,27,Legal,Mid,Remote,77971,31,1,False,0,1
E10300,Alex Ramirez,24,Operations,Intern,Tokyo,65815,11,4,False,0,0
E10301,Ryan Dean,25,HR,Junior,London,33580,2,4,True,0,1
E10302,Gene Weber,58,Admin,Senior,New York,119165,4,5,False,0,1
E10303,Jason Leonard,47,Operations,Mid,Berlin,90797,20,5,True,1,1
E10304,Kevin King,45,Marketing,Senior,San Francisco,75223,16,3,True,0,1
E10305,Denise Baker,53,Legal,Mid,Berlin,89406,30,5,False,0,1
E10306,Erin Bright,45,Legal,VP,Berlin,83576,27,3,True,0,0
E10307,Adam Patterson,43,Operations,VP,New York,108109,31,5,False,1,1
E10308,Andrew Silva,19,Sales,Lead,Bangalore,80574,39,2,True,0,0
E10309,Mrs. Abigail Espinoza MD,33,R&D,C-level,Bangalore,98242,12,2,True,0,0
E10310,Elizabeth Griffith,24,R&D,C-level,New York,76227,5,1,True,0,1
E10311,Rachel Carlson,52,Marketing,Senior,New York,78721,38,3,True,1,0
E10312,Michelle Savage,59,Admin,Junior,Bangalore,94832,6,3,True,1,1
E10313,Julie Smith,53,R&D,Intern,London,55909,19,4,True,0,1
E10314,Jonathan Garcia,19,Sales,Lead,Berlin,77911,13,3,False,1,0
E10315,Michele Arnold,53,Finance,Manager,New York,85643,12,3,True,0,1
E10316,Gregory Barrett,46,Finance,Director,London,63733,15,1,True,0,1
E10317,Lindsey Moreno,25,R&D,Lead,New York,87924,27,4,True,0,1
E10318,Andrew Meyer,61,IT,Senior,Berlin,63482,6,2,True,0,1
E10319,Mark Mason,46,Marketing,VP,Remote,85755,3,1,True,1,1
E10320,Jocelyn Mack,59,Marketing,Mid,San Francisco,30584,15,5,False,0,0
E10321,Larry Carr,26,Legal,Mid,New York,63234,4,4,False,0,0
E10322,Nicholas Davis,23,IT,Intern,Tokyo,64259,30,3,True,1,1
E10323,Tracey Bridges,18,R&D,C-level,London,56541,35,5,True,0,0
E10324,Lisa Garcia,60,Admin,Mid,London,68746,34,3,False,1,1
E10325,Regina Fuller,38,HR,Manager,New York,94393,16,5,True,1,0
E10326,Brianna Cameron,52,Marketing,Mid,San Francisco,80162,1,5,True,1,1
E10327,Kevin Liu,24,R&D,Senior,Remote,72625,19,1,True,1,0
E10328,Alexandria Booker,55,Operations,Senior,Remote,88878,39,5,False,1,0
E10329,Rachel Rodriguez,57,Finance,Senior,Berlin,99793,26,5,False,0,1
E10330,Thomas Smith,57,R&D,VP,San Francisco,110696,21,5,False,0,0
E10331,Janet Wilson,63,Sales,Mid,San Francisco,62079,31,5,True,1,1
E10332,Andrew Rhodes,22,Marketing,Senior,Remote,60938,14,2,True,1,1
E10333,Lisa Martinez,36,Legal,Junior,London,94512,29,4,True,0,1
E10334,Richard Peters,46,HR,Director,London,63071,15,5,False,1,1
E10335,Mark Garrett,63,Legal,Director,New York,75570,24,2,False,1,0
E10336,Andrew Williams,62,Finance,VP,San Francisco,47971,17,4,False,0,1
E10337,Olivia Church,43,Sales,Manager,San Francisco,76954,31,5,True,0,1
E10338,Nicole Guerrero,57,Marketing,Lead,Remote,65227,4,2,False,1,1
E10339,Linda Owen,49,IT,Manager,Remote,90502,5,1,False,0,1
E10340,Elizabeth Taylor,21,HR,Intern,New York,99208,7,3,False,1,1
E10341,Joseph Gardner,28,Operations,Lead,Tokyo,71625,3,2,True,0,0
E10342,Robert Hernandez,55,Finance,Mid,Berlin,72058,12,3,True,0,1
E10343,Kristopher Phillips,35,R&D,Lead,Berlin,47472,10,3,True,0,0
E10344,Katherine Miller,46,HR,C-level,Tokyo,102658,36,2,False,1,1
E10345,Jason Hopkins,60,R&D,C-level,Bangalore,75061,26,2,False,1,1
E10346,Marc Wood,49,IT,Intern,San Francisco,94899,21,3,True,1,0
E10347,Shawn Thompson,21,Finance,Intern,San Francisco,76881,24,5,False,0,1
E10348,Alexander Hubbard,36,HR,Director,Remote,78015,25,1,False,1,1
E10349,Taylor Ramos,21,Admin,Intern,Berlin,107416,24,3,True,0,1
E10350,Autumn Martinez,53,IT,Director,Bangalore,91445,23,2,True,0,0
E10351,James Wise,47,Sales,Senior,Remote,49551,28,1,False,0,1
E10352,Lauren Cummings,62,IT,Manager,Tokyo,84319,12,5,False,1,1
E10353,Mary Taylor,57,Legal,Intern,Bangalore,66394,21,4,False,0,0
E10354,Sara Douglas,34,Legal,Senior,London,63797,36,5,True,1,0
E10355,Laura Johnson,59,R&D,Mid,San Francisco,87276,10,2,False,1,0
E10356,Alexa Barnes,27,Finance,Junior,Tokyo,26792,26,3,False,1,0
E10357,Diane Lee,30,IT,Intern,Bangalore,32136,4,3,True,0,1
E10358,Danielle Allen,56,R&D,Manager,Berlin,43303,19,5,True,0,1
E10359,Laurie Murray,59,HR,VP,Berlin,60853,8,1,False,1,0
E10360,Nicole Schaefer,27,Marketing,Mid,Berlin,78179,32,1,False,0,1
E10361,Amanda Hernandez,63,Legal,VP,Remote,60918,31,3,True,1,0
E10362,Tony Gray,63,R&D,Manager,Tokyo,83180,32,2,False,0,0
E10363,Jessica White,54,R&D,Manager,Tokyo,70843,33,4,False,0,1
E10364,Christopher Rodriguez,18,Legal,Intern,London,44174,12,4,True,1,0
E10365,Rodney Rasmussen,54,Sales,Director,Tokyo,79412,6,2,False,1,1
E10366,Angela Taylor,24,Legal,Manager,Remote,66815,28,2,False,1,0
E10367,Karen Acevedo,25,R&D,Junior,San Francisco,60311,29,2,False,0,0
E10368,Kathy Bennett,48,Admin,Intern,London,78206,10,1,False,1,0
E10369,Jennifer Bishop,47,Operations,Director,Tokyo,64923,0,5,True,0,1
E10370,Erin Terry,57,Finance,Mid,Berlin,66351,2,3,True,0,0
E10371,Karen Carlson,20,Admin,Lead,Remote,96068,5,3,False,1,1
E10372,Linda Evans,28,Sales,Junior,Tokyo,33498,21,5,True,1,0
E10373,Gary Maxwell,42,Finance,Junior,Berlin,94676,15,1,True,1,1
E10374,Brett Branch,30,Operations,Junior,Bangalore,50930,22,5,True,0,0
E10375,Tyler Martin,59,Sales,Director,Remote,43508,9,3,True,1,1
E10376,Logan Harris,25,R&D,Lead,London,86346,17,3,True,1,1
E10377,Ray Fleming,56,Legal,Manager,Remote,32173,6,5,False,0,0
E10378,George Ruiz,54,Sales,Senior,New York,60750,35,2,False,1,0
E10379,Johnny Zavala,55,Marketing,Mid,Remote,45830,36,5,True,1,0
E10380,Samantha Anderson,50,Legal,Intern,Bangalore,-51037,25,1,False,1,1
E10381,Jennifer Paul,22,HR,VP,London,91164,5,5,False,0,0
E10382,Savannah Williams,55,Finance,Mid,Berlin,96497,30,4,False,1,0
E10383,Victor Roth,18,Operations,C-level,New York,77309,38,1,False,0,0
E10384,Don Torres,30,Legal,Mid,Bangalore,54088,10,4,True,1,0
E10385,Leah Porter,45,Sales,Intern,Bangalore,59535,17,5,False,1,0
E10386,Mark Stout,35,Marketing,Intern,Remote,55537,12,3,True,0,1
E10387,John Johnson,28,Legal,Junior,Bangalore,70373,21,1,False,1,0
E10388,Carlos Ortiz,38,Marketing,Intern,London,131920,10,5,False,0,0
E10389,Tanya Fuller,46,Sales,Director,San Francisco,78366,39,2,False,0,1
E10390,Sara Bennett,37,Legal,Director,Bangalore,53683,16,4,False,0,1
E10391,Catherine Hensley,30,Operations,Lead,Remote,85590,16,5,True,1,0
E10392,Lindsay Miller,22,Operations,Manager,Remote,41557,6,4,True,0,0
E10393,Carlos Carlson,54,R&D,Junior,Tokyo,65068,2,4,True,0,1
E10394,Kaitlyn Johnson,29,Marketing,Manager,London,105513,6,1,True,0,1
E10395,Keith Morales,59,R&D,C-level,London,62491,20,2,False,0,1
E10396,Alexander Smith,41,Legal,Mid,Tokyo,91074,29,2,False,1,0
E10397,Donald Romero,50,Admin,C-level,London,67246,38,3,True,0,0
E10398,Frances Le,38,R&D,VP,Remote,20702,6,2,False,0,0
E10399,David Hickman,52,Legal,Senior,Remote,70478,6,2,False,0,1
E10400,Jimmy Hunter,55,Marketing,Director,Bangalore,82471,6,5,False,0,1
E10401,Craig Abbott,49,HR,C-level,Tokyo,85809,27,4,True,0,0
E10402,Edwin Harvey,52,R&D,VP,Tokyo,73997,27,4,False,1,0
E10403,Stephanie Hendricks,28,Admin,Manager,Tokyo,95270,21,2,False,0,0
E10404,Stephanie Garner,52,R&D,Senior,London,94927,2,4,True,1,0
E10405,Miranda Glover,63,Legal,Director,New York,45964,11,4,False,0,1
E10406,Alicia Palmer,51,IT,C-level,Bangalore,81951,31,1,False,0,0
E10407,Rachel Garcia,43,Operations,VP,London,91475,22,3,False,1,0
E10408,Melanie Hobbs,22,HR,Senior,Tokyo,70422,3,1,True,0,0
E10409,John Adams,18,IT,Senior,London,52776,25,3,True,1,0
E10410,Allen Brown,26,Operations,C-level,San Francisco,103755,31,5,False,1,1
E10411,Alicia Hardy,28,Sales,VP,Tokyo,45579,14,1,True,0,0
E10412,Russell Smith,45,Marketing,Mid,Tokyo,86441,9,5,True,1,0
E10413,Russell Marshall,52,Sales,Intern,Berlin,63477,2,1,False,1,1
E10414,Sharon Nelson,36,Admin,Intern,San Francisco,101707,32,3,True,0,0
E10415,Ashley Chapman,19,HR,Junior,London,50129,4,2,True,0,1
E10416,Roger Peters,50,IT,Manager,Berlin,43396,15,4,True,1,1
E10417,Jack Barry,46,Finance,Mid,Berlin,80121,0,4,True,0,0
E10418,James Newton,21,HR,Lead,San Francisco,90634,22,5,False,0,1
E10419,Jared Santiago,46,IT,Intern,Bangalore,49834,22,5,True,1,0
E10420,Janet Santos,52,Admin,Lead,Remote,66565,29,4,False,0,1
E10421,Tanner Gonzalez,55,Finance,C-level,New York,63291,6,5,True,1,1
E10422,Michael Cain,35,HR,Intern,Bangalore,96731,20,4,False,1,0
E10423,Ashley Nash,53,HR,Junior,Remote,86254,2,3,True,1,1
E10424,Lisa Klein,52,Admin,Senior,San Francisco,55738,24,1,False,0,0
E10425,Richard Gillespie,64,Legal,Senior,Tokyo,78831,35,2,False,0,1
E10426,Dr. Clifford Perez,50,Legal,C-level,Tokyo,68208,20,3,False,0,1
E10427,Amy Newton,47,IT,Lead,Remote,102508,14,5,False,1,1
E10428,Nicole Delacruz,32,R&D,C-level,New York,83784,18,3,False,1,1
E10429,Deanna Flores,38,Legal,Senior,Bangalore,77513,0,1,True,1,1
E10430,Carolyn Guzman,30,IT,Mid,Tokyo,55978,11,2,False,0,1
E10431,Robert Parks,60,Finance,Intern,Berlin,80098,10,4,False,0,0
E10432,Haley Smith,64,Finance,Senior,Bangalore,80426,7,2,True,0,1
E10433,Adam Thomas,56,Finance,C-level,Tokyo,81811,3,3,True,1,1
E10434,Ricardo Campbell,29,HR,Mid,London,51189,39,3,True,0,1
E10435,Tiffany Freeman,33,Marketing,Junior,Bangalore,286001,27,5,False,0,0
E10436,Dawn Williams,52,HR,Junior,London,78126,32,3,False,1,0
E10437,James Moore,28,Legal,Lead,Bangalore,100277,12,2,True,1,1
E10438,Joanna Scott,50,Operations,Intern,New York,74448,38,4,True,1,1
E10439,Jocelyn Kelly,38,Sales,Director,Bangalore,50625,30,4,False,1,1
E10440,Matthew Austin,47,HR,Junior,Remote,53226,2,4,False,1,1
E10441,Mark Haley,63,HR,Senior,New York,69443,15,5,False,0,1
E10442,Brianna Steele,21,Marketing,C-level,San Francisco,88532,3,1,False,0,1
E10443,Jessica Wright,25,HR,Intern,New York,45368,36,1,False,1,1
E10444,Kathy Myers,38,Sales,Senior,Tokyo,93840,26,2,True,0,1
E10445,Randy Miller,48,Sales,Lead,Bangalore,51002,1,5,True,0,1
E10446,Joshua Wright,29,IT,Junior,Tokyo,66409,20,5,True,1,1
E10447,Debra Obrien,53,Finance,Manager,Tokyo,81990,14,1,False,1,0
E10448,Alicia Salas,60,Admin,Manager,Tokyo,73660,32,3,True,1,1
E10449,Jeremy Green,43,Legal,VP,Berlin,79786,13,2,False,1,1
E10450,Susan Wells,35,HR,Director,New York,51771,17,4,True,0,1
E10451,Frank Morris,55,HR,Lead,Bangalore,66997,28,3,False,1,0
E10452,Christopher Byrd,41,Admin,Intern,Remote,54868,20,4,False,1,1
E10453,Jenna Moore,59,Operations,Senior,Remote,54232,12,5,True,1,0
E10454,Allen Robles,36,Sales,Mid,London,55766,22,3,True,0,1
E10455,David Ward,28,IT,Manager,Tokyo,62993,25,5,True,1,1
E10456,Madison Daniel,26,Operations,Lead,Berlin,54737,17,3,True,1,1
E10457,Matthew Stein DDS,62,R&D,Junior,Berlin,95383,21,1,True,0,1
E10458,Stephanie Andrews,27,Finance,VP,Berlin,53968,14,4,False,0,0
E10459,Stephen Stewart,53,R&D,Lead,Tokyo,85465,39,1,False,1,1
E10460,Amanda Carter,26,Admin,Senior,Berlin,55455,21,1,True,0,0
E10461,Timothy Houston,49,Finance,Intern,Remote,76798,2,5,True,0,0
E10462,Sherry Rodriguez MD,60,Marketing,Senior,Bangalore,79328,6,1,False,0,0
E10463,Danny Cunningham,33,HR,C-level,Bangalore,56753,27,5,True,0,0
E10464,Terry Burton,45,IT,Director,Berlin,78335,13,3,True,0,0
E10465,Michael Lee,48,Legal,Intern,San Francisco,101090,-5,2,True,0,0
E10466,Jessica Ball,26,R&D,Lead,San Francisco,77748,9,5,True,1,1
E10467,Jason Garrett,54,R&D,Mid,San Francisco,58083,12,2,False,1,0
E10468,Mark Price,24,Marketing,Intern,San Francisco,82328,26,5,True,1,0
E10469,Cheyenne Richardson,42,Operations,Manager,San Francisco,76792,5,3,False,1,0
E10470,Gary Rogers,18,Legal,C-level,London,68899,35,2,False,0,0
E10471,Audrey Farmer,64,R&D,Intern,San Francisco,67741,32,3,True,1,0
E10472,Kelsey Bridges,33,Finance,Manager,Tokyo,94068,31,1,True,0,1
E10473,Jordan Taylor,26,HR,C-level,San Francisco,68090,18,1,True,1,0
E10474,Andrew Patterson,44,Marketing,Mid,London,82038,28,2,False,0,1
E10475,Mary Wilcox,27,Marketing,Lead,Remote,35784,0,3,True,0,0
E10476,Terrance Zuniga,49,Marketing,VP,Bangalore,52816,4,5,True,0,1
E10477,David Owens,50,IT,Manager,Remote,106541,18,3,True,1,0
E10478,Jason Brennan,30,Legal,Director,Remote,57309,20,2,False,0,1
E10479,Heidi Bright,31,IT,Lead,Berlin,49522,13,1,True,1,1
E10480,Brittany Daniel,29,R&D,Intern,New York,66999,28,1,True,0,0
E10481,Matthew Burke,64,Operations,C-level,London,58099,29,4,False,0,0
E10482,Catherine Moore,48,IT,C-level,New York,52040,12,1,False,0,1
E10483,Heather Sims,49,Finance,Mid,Berlin,64739,22,1,True,1,0
E10484,Linda Taylor MD,64,Finance,Lead,New York,115652,4,5,False,0,0
E10485,Heather Rivera,41,Legal,C-level,Berlin,76062,35,5,True,0,1
E10486,Anthony Smith,21,Finance,VP,San Francisco,96803,18,2,False,1,0
E10487,Austin Guerra,22,R&D,Senior,Berlin,90995,9,4,True,1,0
E10488,Sierra Harvey,52,Admin,C-level,Bangalore,49781,16,4,False,0,0
E10489,Christina Lester,63,Legal,Lead,Bangalore,42382,27,3,False,0,0
E10490,Mark Trujillo,18,Marketing,C-level,Tokyo,67817,24,3,True,0,0
E10491,Philip Williams,52,Operations,Senior,Berlin,77567,28,3,True,1,0
E10492,Renee Klein,58,Sales,Mid,Remote,73197,23,2,True,0,1
E10493,Laura Smith,33,Finance,Lead,London,70738,31,2,True,0,1
E10494,Michael Williams,49,Sales,C-level,Berlin,65084,0,2,True,0,0
E10495,Miss Alexis Montgomery DVM,29,R&D,Manager,San Francisco,49027,14,5,True,1,0
E10496,Christina Oconnell,33,Finance,Junior,Tokyo,99105,21,4,True,0,0
E10497,Adam Payne,45,IT,C-level,Bangalore,53026,16,5,False,1,1
E10498,Hannah Moore,37,Operations,VP,Remote,67948,32,3,True,0,1
E10499,Monica Hughes,61,Finance,Junior,San Francisco,91834,17,1,True,0,0
E10500,Tamara Cruz,25,HR,Director,New York,59565,36,3,False,1,1
E10501,Michelle Smith,28,Admin,Lead,London,40789,22,5,True,1,0
E10502,Walter Rogers,28,Legal,Senior,New York,89059,10,4,True,1,0
E10503,Douglas Herrera,50,Marketing,Mid,New York,55946,28,4,False,1,0
E10504,Benjamin Rose,29,HR,Senior,San Francisco,88339,26,3,True,1,0
E10505,Amanda Mcgrath,57,Sales,Director,Berlin,103030,4,3,True,0,0
E10506,April Jackson,21,Admin,VP,San Francisco,51612,5,3,False,1,1
E10507,Ralph Reese,33,Legal,Lead,New York,56629,4,5,True,1,1
E10508,Joel Cervantes,27,IT,C-level,Tokyo,83883,21,3,False,1,1
E10509,Mary Hoffman,52,Operations,Manager,San Francisco,84560,20,1,True,1,1
E10510,Joseph Simpson,52,Sales,Senior,San Francisco,36233,26,2,True,1,0
E10511,Diane Lewis,61,IT,Intern,Bangalore,30029,11,5,False,0,0
E10512,Hailey Walker,40,Sales,Director,Berlin,68709,24,2,False,1,0
E10513,Michelle Herrera,32,Operations,C-level,Berlin,54822,11,5,True,1,1
E10514,Nicholas Russell,22,Legal,Lead,Remote,45959,9,5,True,1,0
E10515,Eric Thomas,52,Admin,Intern,Berlin,55312,12,3,False,1,1
E10516,Matthew Sanders,47,Operations,Mid,San Francisco,48467,17,1,False,1,0
E10517,Nichole Morgan,26,Sales,C-level,Berlin,84993,25,1,True,0,0
E10518,Lisa Massey,35,R&D,Manager,Tokyo,40123,21,1,True,0,1
E10519,Desiree Ramsey,62,Sales,Intern,London,83190,27,3,False,0,1
E10520,William Snyder,48,IT,Director,San Francisco,85289,12,4,True,0,1
E10521,Elizabeth Owens,31,HR,Director,San Francisco,76741,33,5,True,1,1
E10522,Jordan Thompson,22,R&D,Intern,New York,62702,22,1,False,0,1
E10523,Alexis Heath,47,Finance,Manager,Tokyo,59541,34,4,True,0,1
E10524,Kevin Wade,40,HR,Junior,Remote,118395,10,5,True,0,0
E10525,Justin Williams,48,Admin,Mid,Tokyo,93092,17,2,False,0,0
E10526,Christina Wright,57,Admin,Director,San Francisco,91835,5,1,False,0,0
E10527,Michaela Frost,48,Sales,Junior,London,105649,39,2,True,0,1
E10528,Barbara Shaffer,30,R&D,Intern,Berlin,74423,0,2,False,1,1
E10529,Lucas Pham,51,Finance,Manager,San Francisco,80553,32,1,False,1,1
E10530,Tricia Cohen,55,Sales,Manager,Bangalore,76752,36,1,True,0,1
E10531,Carl Knox,40,IT,Senior,Remote,79275,32,2,True,1,1
E10532,Clayton Martinez,57,Admin,Manager,Bangalore,50730,16,3,False,1,0
E10533,Hayden Sawyer,30,IT,Director,San Francisco,54438,34,1,False,1,1
E10534,Christine Eaton,60,Operations,Senior,Remote,80507,30,1,False,0,1
E10535,John Jones,46,Admin,VP,Remote,72074,2,1,False,0,1
E10536,Peter Sanchez,27,R&D,C-level,New York,59920,29,1,True,1,0
E10537,Katherine Mitchell,61,IT,Mid,San Francisco,78965,7,4,False,1,1
E10538,Debra Fuentes,18,Admin,Junior,London,93939,29,4,False,1,1
E10539,Hector Keller,48,IT,Director,Tokyo,95628,6,4,True,0,1
E10540,Patrick Horn,57,R&D,Lead,Bangalore,79646,17,5,True,1,1
E10541,Ashley Johnson,48,Marketing,Senior,New York,73274,38,3,True,0,0
E10542,Bianca Moore,34,Legal,Director,Remote,68390,30,5,True,1,1
E10543,Derrick Miller,53,Admin,Junior,Bangalore,111102,27,4,True,1,1
E10544,Kayla Ballard,37,Operations,Director,Berlin,51321,21,1,False,0,1
E10545,Tyrone Horn,37,Admin,Junior,Remote,64100,13,1,False,1,0
E10546,Eric Leonard,31,Marketing,Junior,San Francisco,46439,6,2,True,0,1
E10547,Justin Roach,57,R&D,Junior,Bangalore,85939,32,1,False,1,1
E10548,Adrian Harvey,61,Sales,Mid,New York,87370,8,3,False,0,0
E10549,Andrew Snow,31,Legal,Mid,New York,117337,31,5,True,0,0
E10550,Dana Palmer,40,Finance,Mid,Tokyo,48034,3,3,True,1,0
E10551,Sean Compton,38,Admin,C-level,Remote,92780,4,2,False,0,1
E10552,Shawn Lamb,22,Finance,Director,Bangalore,75317,21,5,True,1,0
E10553,Phillip Brooks,64,Admin,Manager,London,63387,7,4,True,0,0
E10554,Martha Ward,40,Sales,C-level,Tokyo,76977,8,4,False,1,1
E10555,Dana Carter,56,Marketing,Lead,London,75561,3,3,False,1,0
E10556,Gloria Moss,49,Operations,Manager,Remote,80283,37,4,True,0,1
E10557,Jay Owens,56,Legal,Director,Remote,43370,26,5,False,0,1
E10558,Matthew Young,26,Legal,VP,Bangalore,73527,3,2,False,1,1
E10559,Thomas Cunningham,59,Sales,Junior,Remote,48359,5,4,False,0,0
E10560,Timothy Simpson,37,IT,Lead,Bangalore,82949,20,3,False,1,1
E10561,Daniel Miller,39,IT,Manager,San Francisco,65281,19,2,False,1,1
E10562,Rachel King,32,Sales,Manager,Remote,96851,20,1,False,1,0
E10563,Angelica Clark,37,Sales,VP,Remote,60427,16,4,False,1,1
E10564,Sean Steele,42,HR,Mid,Bangalore,85872,1,2,False,0,1
E10565,Jasmine Green,59,HR,Mid,London,73150,21,5,True,1,0
E10566,Charlotte Beck,36,R&D,C-level,San Francisco,-65580,14,5,True,1,1
E10567,Tanya Lee,63,Operations,C-level,New York,22063,1,1,False,1,1
E10568,Tina Owen,19,Admin,Intern,Tokyo,95953,34,2,True,0,0
E10569,Matthew Mccoy,50,Sales,Director,Remote,74251,28,3,True,1,1
E10570,Alison Thomas,58,IT,Junior,New York,89036,25,1,True,0,0
E10571,Rhonda Castro,50,Admin,Manager,Remote,69797,15,1,False,1,1
E10572,Matthew Phillips,65,Operations,Intern,New York,128210,20,3,False,0,0
E10573,Brandy Ruiz,38,Sales,Lead,London,62994,35,5,True,0,0
E10574,Mr. Charles Ingram,34,Marketing,Mid,Bangalore,69460,7,3,False,1,1
E10575,Christopher Bullock,39,IT,C-level,London,55405,30,5,False,1,0
E10576,Nicole Lowe,35,IT,Manager,Remote,59271,3,5,False,0,1
E10577,Carl Ramirez,29,IT,Manager,London,71744,18,3,False,0,1
E10578,Jerry Cooper,55,Operations,VP,New York,52814,36,5,True,0,0
E10579,Samuel Smith,46,HR,VP,Bangalore,78046,14,5,False,1,0
E10580,Wayne Clarke,41,R&D,C-level,Tokyo,60738,4,4,True,0,0
E10581,Charles Roman,53,Legal,VP,Remote,74143,24,2,False,0,0
E10582,Christopher Sullivan,57,Admin,VP,San Francisco,39973,12,3,True,1,1
E10583,Scott Swanson,42,IT,Senior,San Francisco,53614,8,3,True,1,1
E10584,Darrell Becker,48,R&D,Senior,New York,73713,23,1,True,0,1
E10585,Stephanie Michael,30,Legal,Senior,New York,53156,29,3,True,0,1
E10586,Angel Acosta,54,Operations,C-level,Berlin,76001,35,1,True,1,0
E10587,Michelle Hart,29,Legal,Director,London,74512,9,5,False,1,1
E10588,Timothy Williams,52,IT,Intern,Tokyo,84807,38,1,False,1,1
E10589,Mrs. Susan Smith,30,Marketing,Senior,San Francisco,90325,33,2,True,1,0
E10590,Jacqueline Brown,54,HR,Mid,Remote,106486,39,3,False,0,1
E10591,Julia Jones,41,R&D,Junior,New York,80284,15,2,False,1,0
E10592,Laura Young,50,Admin,Manager,Berlin,68833,35,1,True,1,1
E10593,Oscar Martinez,48,Legal,Director,Berlin,41620,1,3,True,0,0
E10594,Andrea Strickland,28,Sales,Mid,New York,43653,14,4,False,1,0
E10595,April Lawson,23,Operations,C-level,London,90313,23,4,True,1,0
E10596,Janet Kennedy,30,Sales,Mid,Bangalore,50417,26,5,False,0,0
E10597,Trevor Martinez,53,Finance,VP,London,55555,4,1,False,1,0
E10598,Gabriel Thomas,35,Operations,Junior,London,232318,26,3,True,0,0
E10599,Richard Garcia,60,R&D,Manager,Bangalore,53603,27,1,False,1,1
E10600,Ashley Knight,34,Sales,Mid,Bangalore,81233,35,1,False,0,0
E10601,Matthew Rodriguez,53,Operations,Lead,Berlin,97005,23,5,False,0,0
E10602,Dr. Lisa Stewart,44,Finance,Intern,Bangalore,56289,24,3,True,0,0
E10603,Nicole Johnson,58,Finance,Lead,Remote,40636,13,1,True,1,1
E10604,Scott Edwards,56,Operations,C-level,San Francisco,22932,2,5,False,1,0
E10605,Deanna Romero,32,Legal,Lead,London,108567,1,3,False,1,1
E10606,Heather Sanchez,51,IT,Senior,Bangalore,40178,29,1,False,0,0
E10607,Christine Wilkerson,58,Finance,Lead,Bangalore,65743,23,4,True,0,0
E10608,Marilyn Frost,40,HR,Manager,New York,47339,13,1,True,0,1
E10609,Lisa Wilson,38,IT,Lead,Remote,59003,14,5,False,0,1
E10610,Jason Johnson,21,HR,Mid,Bangalore,64886,4,4,False,1,1
E10611,Mark Hernandez,23,Finance,Junior,London,113770,7,4,True,1,1
E10612,Veronica Merritt,47,Admin,Director,Remote,63426,17,4,False,1,1
E10613,Misty Phillips,57,Admin,Lead,New York,62497,31,3,True,1,0
E10614,Kimberly Molina,50,Finance,Lead,Tokyo,75631,8,5,False,0,1
E10615,Brenda Acosta,24,R&D,Lead,Bangalore,37176,15,4,True,0,0
E10616,Sean Richardson,30,Marketing,Director,Berlin,77092,16,4,False,1,0
E10617,Daniel Lopez,37,Sales,C-level,San Francisco,75680,2,4,True,1,1
E10618,Chad Thomas,28,R&D,Intern,Bangalore,45154,35,5,True,0,1
E10619,Jason Boone,53,IT,Director,New York,46999,3,1,False,0,1
E10620,Julie Watkins,44,Sales,Intern,London,54227,23,2,True,0,0
E10621,Steven Morris,22,Finance,C-level,Berlin,85119,18,5,False,1,0
E10622,Lisa Perez,52,Admin,Lead,Tokyo,49681,26,2,True,0,1
E10623,Derek Nixon,44,Admin,Manager,Tokyo,85966,39,3,False,1,1
E10624,Jared Stephenson,35,Marketing,Junior,Bangalore,70238,29,4,False,0,1
E10625,Mr. Daniel Stanley,37,Finance,Intern,Bangalore,37534,29,2,False,1,0
E10626,Michael Roberts,50,Admin,Senior,Bangalore,61969,37,1,False,1,0
E10627,David Barnes,64,Admin,VP,Tokyo,57855,30,1,False,1,0
E10628,Dylan Hoffman,61,R&D,Junior,Bangalore,70930,15,4,True,1,0
E10629,Paul David,53,HR,Intern,Tokyo,88096,10,2,False,0,1
E10630,Megan Anderson DVM,31,HR,Director,London,99369,31,2,False,1,0
E10631,William Dillon,67,R&D,Intern,Tokyo,70437,15,2,False,1,1
E10632,Jennifer Avila,26,IT,Mid,Berlin,57623,35,5,False,1,1
E10633,Joshua Ewing,23,IT,Mid,Bangalore,74324,6,3,False,0,1
E10634,Ross Eaton,56,Admin,VP,Bangalore,72437,34,3,False,0,1
E10635,Timothy Wolfe,23,Finance,Director,Remote,31449,22,1,True,1,1
E10636,Aaron Davis,21,Sales,Senior,New York,39599,8,3,True,1,1
E10637,Benjamin Mcclain,50,Admin,VP,San Francisco,79427,20,4,True,0,0
E10638,Wendy Lam,24,R&D,Senior,San Francisco,67056,19,3,False,1,0
E10639,Dana Jenkins,23,Operations,Manager,Berlin,73641,12,4,True,1,1
E10640,Wendy Stone,57,Operations,Senior,Berlin,89499,38,5,True,0,0
E10641,Ronnie Pham,37,R&D,VP,Remote,73906,25,2,False,1,1
E10642,Mrs. Brittany Lindsey DDS,38,Marketing,Director,Tokyo,102231,4,4,True,0,0
E10643,Joseph Jackson,38,Legal,Manager,Berlin,54465,26,5,False,0,0
E10644,Paul Cherry V,38,Sales,C-level,San Francisco,72100,25,1,True,0,0
E10645,Mary Jones,29,HR,Intern,Tokyo,98518,12,3,True,0,0
E10646,Kelly Huber,61,IT,Manager,New York,42595,12,5,False,1,0
E10647,Sharon Miller,49,Marketing,Manager,Bangalore,76882,8,4,False,1,1
E10648,Courtney Booth,63,Sales,Lead,New York,29632,10,4,True,0,0
E10649,Edward Dixon,60,Admin,Intern,Remote,64031,8,3,True,0,1
E10650,Joshua Ramirez,30,Finance,Senior,Bangalore,58427,21,2,False,0,1
E10651,Christian Freeman,58,Sales,Director,London,46272,2,1,True,1,0
E10652,Sarah Brooks,54,Sales,C-level,Berlin,99987,13,2,True,0,1
E10653,Marcus Matthews,21,Finance,Intern,Tokyo,73441,33,3,False,1,0
E10654,Austin West,58,IT,C-level,Remote,64740,18,4,False,0,1
E10655,Derrick Gregory,35,IT,Intern,London,79921,33,1,True,1,1
E10656,Aaron Preston,41,R&D,Junior,Berlin,83757,39,3,False,1,0
E10657,Thomas Collins,20,R&D,Manager,Tokyo,59920,33,1,False,1,1
E10658,David Thompson,44,Legal,Mid,Bangalore,71175,4,3,False,1,0
E10659,Craig Allen,62,HR,Mid,San Francisco,88573,8,1,True,0,1
E10660,Hannah Cameron,56,Legal,Director,Berlin,67103,34,4,False,0,1
E10661,Mark Garcia,27,HR,Lead,London,43197,22,2,False,0,0
E10662,Brandon Oliver,26,IT,Manager,San Francisco,60366,10,4,False,0,0
E10663,Monica Contreras,59,Operations,Mid,Bangalore,89142,28,2,True,1,1
E10664,Kenneth Mclaughlin,23,Admin,Director,Bangalore,38380,23,5,False,1,0
E10665,Ellen Reyes,49,Operations,Manager,New York,74753,18,2,False,1,0
E10666,Kimberly French,39,IT,Lead,London,104526,20,5,False,1,1
E10667,Jennifer French,51,Marketing,Intern,Tokyo,61565,5,1,True,0,0
E10668,Mrs. Kristi Perry,34,Sales,Intern,San Francisco,68989,1,1,True,1,0
E10669,Carolyn Allen,56,Legal,C-level,New York,53007,23,5,False,1,0
E10670,Sarah Butler,55,Sales,VP,Tokyo,101304,28,5,False,0,0
E10671,Jennifer Scott,22,Sales,Senior,New York,30760,4,1,True,1,0
E10672,Jason Chambers,62,Sales,VP,Remote,104526,37,1,True,1,1
E10673,Marie Conley,20,Finance,C-level,Tokyo,109286,3,2,False,0,1
E10674,Jenna Rivers,34,R&D,Mid,London,91553,33,4,False,1,1
E10675,Travis David,64,IT,Mid,Berlin,44192,17,3,True,1,1
E10676,Molly Oliver,49,Admin,Intern,Berlin,78926,26,3,False,1,0
E10677,Denise Walters,24,Admin,Junior,New York,67984,13,1,True,1,1
E10678,Christopher Shelton,32,Finance,VP,London,64506,17,3,True,1,0
E10679,Tracy Reynolds,52,Legal,Junior,Tokyo,54087,7,5,False,0,1
E10680,Christopher Bautista,45,Sales,VP,Tokyo,62247,10,5,True,0,0
E10681,Jonathan Hawkins,39,Sales,Director,New York,90561,2,3,True,0,1
E10682,Matthew Martinez,28,HR,C-level,Bangalore,66039,23,2,True,0,1
E10683,Diana Shelton,29,Sales,C-level,Tokyo,77004,21,5,True,0,0
E10684,Travis Cardenas,52,Legal,Manager,New York,79094,33,3,False,1,1
E10685,Megan Hill,33,IT,Intern,Remote,52634,16,1,False,0,1
E10686,Melissa Jenkins,60,Finance,Manager,San Francisco,60911,6,1,False,0,0
E10687,Gregory Dean,31,HR,C-level,Bangalore,68090,16,5,False,0,1
E10688,Geoffrey Hoffman MD,36,HR,Manager,Tokyo,57162,16,5,False,0,0
E10689,Gary Baker,30,Sales,Lead,Berlin,43685,23,2,False,0,0
E10690,Jacob Miller,64,Operations,Director,Bangalore,44591,37,1,True,0,0
E10691,Stephen Butler,62,Admin,Intern,San Francisco,36837,26,2,False,1,1
E10692,Donald Anderson,41,HR,Senior,Berlin,45970,30,3,True,0,0
E10693,Scott Nelson,64,IT,Manager,Remote,116949,8,1,True,0,1
E10694,Andrew Cunningham,49,HR,Mid,New York,62794,23,3,False,1,0
E10695,Henry King,54,Finance,Lead,London,22410,36,2,True,0,1
E10696,Erik Clark,26,Legal,Director,London,83997,16,1,True,1,1
E10697,Jessica Lawrence,40,IT,Manager,Berlin,58138,20,5,False,0,0
E10698,Keith Gardner,54,Finance,Lead,Berlin,98454,18,3,True,0,0
E10699,Shannon Clark,42,IT,Intern,Bangalore,53115,20,3,False,0,1
E10700,Mr. John Brown,49,Sales,Intern,Berlin,60929,26,2,True,0,1
E10701,Dawn Freeman,49,Finance,Manager,San Francisco,90614,1,2,False,0,1
E10702,Patrick Gay,18,Sales,Intern,New York,71840,11,2,False,0,0
E10703,Joel Jackson,37,Operations,Senior,Berlin,112783,36,4,False,0,1
E10704,Mary Martin,45,Finance,Mid,Tokyo,63554,36,3,False,1,0
E10705,Rebecca Harper,25,Admin,Senior,Remote,74048,5,2,True,1,0
E10706,Damon Moyer,45,IT,VP,Remote,44248,34,4,False,1,1
E10707,Luis Obrien,28,IT,Intern,New York,100169,10,1,False,1,0
E10708,Crystal Washington,39,Legal,Junior,London,31663,31,4,True,1,1
E10709,Deborah Burgess,18,IT,Junior,New York,84114,34,4,True,0,0
E10710,Joseph Hill,20,HR,Manager,Remote,52141,18,1,False,1,0
E10711,John Jones,49,Finance,Mid,Tokyo,37518,27,3,False,1,1
E10712,Kevin Smith Jr.,19,Marketing,Director,Remote,84834,19,1,False,0,1
E10713,Karen Reed,64,Operations,C-level,Tokyo,59354,36,4,True,1,1
E10714,Ryan Horton,64,IT,Junior,Bangalore,98549,8,5,True,1,1
E10715,Latasha Coffey,59,R&D,Mid,Tokyo,74886,20,1,True,0,0
E10716,John Kelley,60,R&D,VP,Bangalore,90089,3,4,False,0,0
E10717,Lee Stone,42,Operations,Mid,Remote,41571,5,4,True,0,1
E10718,Joshua Mcdonald,29,HR,Intern,London,39710,32,1,False,0,1
E10719,Jack Spence,21,Operations,C-level,Berlin,92358,20,3,True,1,1
E10720,Mitchell Taylor,23,IT,VP,Remote,94706,28,2,False,0,1
E10721,Zachary Skinner,27,IT,Senior,San Francisco,81609,5,1,False,1,0
E10722,Heidi Santos,37,R&D,Mid,Bangalore,93931,21,1,False,1,0
E10723,David Cook,63,Legal,Director,New York,78903,4,1,True,1,0
E10724,Melissa Jones,53,Operations,Manager,New York,80632,10,3,True,1,1
E10725,Andrea Bullock,28,R&D,C-level,Berlin,52327,27,4,False,1,1
E10726,Kimberly Johnson,37,Marketing,Senior,Tokyo,78448,30,3,False,1,1
E10727,Courtney Hughes,60,Operations,Mid,New York,40000,14,1,True,0,0
E10728,Nancy Davis,55,IT,Intern,Tokyo,69628,35,2,True,0,1
E10729,Aaron Owen,46,IT,Manager,Bangalore,115491,12,4,True,0,1
E10730,Leonard Collins,28,Admin,Senior,Bangalore,-56716,10,3,False,1,0
E10731,Kaitlyn Ferguson,42,R&D,Junior,Berlin,85255,18,5,False,0,0
E10732,Thomas Ray,25,IT,Director,Bangalore,69358,2,1,True,0,1
E10733,Robert Weaver,36,HR,VP,Bangalore,83941,34,5,True,0,1
E10734,Glenn Olsen,30,IT,Junior,Berlin,49842,33,3,True,0,1
E10735,Steven Jensen,39,Operations,Intern,London,44756,9,2,False,1,1
E10736,Patrick Ingram,30,Marketing,C-level,Bangalore,91973,24,5,False,0,1
E10737,Jerome Nicholson,59,HR,Lead,San Francisco,83580,5,3,False,1,1
E10738,Sandra Atkinson,62,Finance,Intern,Remote,32237,2,4,False,1,0
E10739,Daniel King,22,HR,Manager,Bangalore,32897,19,1,False,0,1
E10740,Helen Montgomery,33,R&D,Director,San Francisco,39405,6,4,True,0,1
E10741,David Bryant,23,Finance,Director,Remote,51611,10,2,False,0,1
E10742,Caleb Hamilton,37,IT,Mid,San Francisco,44338,29,3,False,0,0
E10743,Mary Wilson,48,Finance,Junior,Bangalore,75180,10,1,True,1,1
E10744,Alexis Mclaughlin,49,Operations,Mid,Bangalore,82272,21,4,False,1,0
E10745,Joshua Hall,20,IT,Manager,Berlin,62175,20,4,True,1,0
E10746,Antonio Mejia,51,Marketing,Lead,Bangalore,104656,2,3,False,1,1
E10747,Mr. Christopher Anderson,36,Marketing,C-level,London,69921,21,2,False,1,0
E10748,Melinda Vargas,48,Marketing,VP,Bangalore,56053,22,2,True,1,0
E10749,Collin Schmidt,40,Legal,Manager,London,37687,39,3,True,0,0
E10750,Mrs. Wanda Armstrong DDS,49,Finance,Director,San Francisco,50563,0,1,False,1,0
E10751,Miss Stephanie Smith,36,Finance,VP,Bangalore,75248,18,2,False,1,1
E10752,Kyle Mitchell,32,HR,Director,Berlin,70813,30,4,False,1,1
E10753,Patrick Salazar,18,Finance,Mid,Remote,45293,36,4,False,1,0
E10754,Anita Spears,61,Operations,Intern,London,62447,10,1,True,1,0
E10755,Tanya Brock,38,Marketing,C-level,Tokyo,21587,12,3,False,0,1
E10756,Christopher Dennis,33,R&D,VP,New York,90045,22,2,True,1,1
E10757,Travis Wells,24,Admin,VP,Berlin,45359,15,1,True,0,1
E10758,David Fields,52,HR,Junior,Tokyo,72765,7,1,False,0,0
E10759,Shannon Mills,62,Operations,Mid,Remote,61082,33,2,False,1,1
E10760,James Haley,47,IT,VP,New York,34463,26,5,False,1,0
E10761,Joseph Lewis,33,IT,Lead,London,86152,15,4,False,0,1
E10762,Ellen Williamson,25,Legal,Senior,San Francisco,82616,17,5,True,0,0
E10763,Carla Williams,38,Operations,Director,New York,46641,15,3,True,0,1
E10764,Jose Hall,33,Finance,Mid,Berlin,63348,6,3,True,1,0
E10765,Toni Love,39,HR,VP,Bangalore,65954,35,5,True,0,1
E10766,Casey Morgan,35,R&D,Manager,London,49210,39,2,False,1,0
E10767,Joseph Church,24,Legal,Intern,Berlin,50278,21,5,True,1,0
E10768,Diane Silva,47,IT,Senior,Bangalore,77696,24,2,True,1,1
E10769,Alex Taylor,41,IT,Intern,London,64205,31,4,True,1,1
E10770,Tabitha Banks,61,IT,Junior,Remote,47041,34,3,False,1,0
E10771,Justin Norman,37,R&D,Senior,London,48507,17,4,True,0,1
E10772,Matthew Ayala,31,R&D,Mid,San Francisco,76207,26,5,True,0,0
E10773,Kristen Ford,53,Operations,Intern,New York,52453,29,1,False,0,1
E10774,Bruce Kemp,31,Marketing,C-level,New York,-92082,33,5,False,0,0
E10775,Amy Holt,60,R&D,Lead,Tokyo,91707,3,5,False,0,0
E10776,Samantha Elliott,45,R&D,Director,Tokyo,85998,2,4,True,1,0
E10777,Keith Perez,60,R&D,Intern,Berlin,94590,26,4,False,1,1
E10778,Mary Mckee,40,Operations,Lead,Remote,39375,0,2,False,1,0
E10779,Wendy Smith,47,Finance,VP,New York,67076,13,1,False,0,0
E10780,Jeffrey Goodwin,43,IT,Lead,Berlin,88832,20,3,False,0,0
E10781,Amber Hernandez,38,IT,Lead,New York,38300,38,3,False,0,0
E10782,Patrick Clark,23,Marketing,Intern,Bangalore,76261,27,3,True,1,1
E10783,Mary Stewart,35,IT,Intern,Berlin,73472,39,1,True,1,1
E10784,Lori Jefferson,37,HR,VP,San Francisco,84965,28,3,True,1,1
E10785,Christy Burton,31,R&D,Manager,New York,71409,12,1,False,0,1
E10786,Linda Rivera,49,Sales,Intern,Berlin,72864,10,4,True,1,0
E10787,Jennifer Thompson MD,38,HR,Mid,London,85580,23,1,False,1,0
E10788,Marcia Cole,28,Admin,Manager,Remote,60943,1,2,True,0,1
E10789,Natalie Wyatt,18,IT,Senior,San Francisco,75643,37,4,True,1,1
E10790,Tracy Gonzalez,39,Marketing,Lead,Tokyo,46076,17,5,False,0,0
E10791,Barry Romero,52,Legal,VP,Tokyo,82981,28,4,False,0,0
E10792,Haley Blankenship,58,Legal,Intern,New York,24639,10,1,True,0,1
E10793,Melissa Kennedy,52,Operations,Junior,Remote,93523,9,2,False,0,0
E10794,Julie Hughes,27,HR,Director,New York,42794,32,5,True,0,1
E10795,Amanda Davis,33,IT,C-level,San Francisco,84218,25,4,True,0,0
E10796,Eric Wilson,32,R&D,Senior,New York,82001,0,2,False,1,0
E10797,Nicholas Clark,47,Operations,VP,Tokyo,29825,30,4,False,0,1
E10798,Ariel Gonzalez,41,Sales,Intern,London,33988,15,3,False,1,0
E10799,Ruben Nelson,27,R&D,Manager,New York,78396,3,3,False,1,0
E10800,Donald Smith,64,Marketing,Director,Tokyo,48353,0,4,False,1,1
E10801,David Marshall,27,R&D,Lead,Tokyo,70366,5,1,False,1,1
E10802,Christopher Lewis,24,Admin,Intern,New York,61901,14,3,True,1,1
E10803,Matthew Stanley,51,Marketing,Lead,New York,63562,33,4,False,0,1
E10804,Paul Wilson,52,Marketing,C-level,Remote,90845,11,1,True,1,0
E10805,Amber Fisher,52,Sales,Director,London,33837,20,4,False,0,0
E10806,Katherine Richards,47,Operations,VP,Berlin,50536,17,3,True,0,1
E10807,Jodi Rodgers,57,Sales,Senior,London,68081,11,1,False,0,0
E10808,Mia Graves,62,IT,C-level,New York,58561,12,4,False,0,1
E10809,Brittany Fox,38,Sales,Intern,Remote,57286,21,5,True,0,0
E10810,Amber Martinez,20,Marketing,Senior,Remote,45017,13,4,False,1,0
E10811,Alison Bowman,31,Finance,Manager,San Francisco,52638,39,2,True,1,1
E10812,Jonathan Sanchez,37,Finance,Intern,San Francisco,82136,7,1,True,1,1
E10813,Daniel Green,52,HR,Mid,Remote,59957,5,4,True,1,0
E10814,Maria Cooley,45,Marketing,Manager,London,54407,-32,5,True,1,1
E10815,Deanna Good,25,Legal,Mid,San Francisco,102174,14,3,True,1,1
E10816,Mark Mason,20,Admin,Director,Tokyo,87880,27,1,False,1,0
E10817,Megan Mckinney,48,HR,Mid,San Francisco,72525,19,4,False,1,1
E10818,Dr. Heidi Harvey,50,Finance,Mid,San Francisco,43234,18,2,False,0,1
E10819,Stephanie Williams,21,Sales,Director,New York,61711,12,4,True,0,0
E10820,Jennifer Mcdonald,29,Sales,C-level,San Francisco,87814,13,1,True,1,1
E10821,Tracy Cisneros,23,IT,Junior,Tokyo,80015,23,1,True,1,1
E10822,Kristopher Olsen,31,Legal,C-level,London,78352,37,2,False,0,1
E10823,Marcia Colon,56,Operations,Director,Remote,57277,29,5,False,0,1
E10824,Edward Hawkins,64,Operations,Manager,Remote,39297,39,1,False,0,0
E10825,Stephanie Brown,53,R&D,Senior,Berlin,67242,27,5,False,0,0
E10826,Larry Carr,47,Finance,VP,San Francisco,35490,1,1,False,1,0
E10827,Timothy Miles,28,Legal,Director,San Francisco,51006,5,1,False,1,0
E10828,Karen Miller,37,Legal,Senior,San Francisco,75366,3,4,True,1,0
E10829,Alexander Smith,45,IT,Lead,Bangalore,98227,12,2,True,1,1
E10830,Joshua Roberts,52,Finance,C-level,San Francisco,61904,14,2,False,0,0
E10831,Lisa Wallace,31,IT,Manager,Bangalore,50174,6,4,False,0,0
E10832,Charles Robertson,30,Operations,Director,San Francisco,86269,30,3,False,1,1
E10833,Gregory Vincent,30,Operations,Manager,Berlin,117367,27,5,False,1,1
E10834,Monica Choi,55,IT,Director,New York,66057,0,5,False,0,1
E10835,Tara Powell,38,Legal,C-level,Tokyo,64299,8,1,False,0,0
E10836,Ashley Lewis,51,Marketing,Senior,Tokyo,64919,38,3,False,0,0
E10837,Paul Phelps,41,Sales,Manager,New York,90255,34,1,True,1,0
E10838,Kathleen Howe,53,Marketing,C-level,San Francisco,70723,24,4,False,1,0
E10839,Peter Rivera,36,HR,C-level,Berlin,42891,16,1,False,1,1
E10840,Laurie Roberts,23,R&D,VP,San Francisco,57846,23,3,False,1,1
E10841,David Jenkins,32,R&D,Junior,Remote,85876,6,2,False,1,1
E10842,Carolyn Phillips,55,Admin,Director,New York,106705,9,4,True,0,0
E10843,Monica Tate,37,IT,Senior,New York,80002,33,3,True,0,0
E10844,Michael Miller,47,Finance,C-level,London,79733,39,4,False,0,0
E10845,Kristina Reed,38,Finance,Intern,Tokyo,111223,35,5,False,1,1
E10846,Wanda Little,35,R&D,Manager,Tokyo,70425,13,5,False,1,0
E10847,Melissa Harris,47,IT,VP,Berlin,65091,18,4,False,0,1
E10848,Carlos Colon,53,IT,Senior,Berlin,70721,27,2,True,0,1
E10849,Mrs. Barbara Miller,29,Legal,Lead,San Francisco,77530,2,4,False,0,1
E10850,Cynthia Merritt,32,Admin,VP,Remote,54402,35,1,False,1,1
E10851,Brett Holt,33,Sales,Senior,London,91047,15,3,False,0,0
E10852,Susan Ramos,20,HR,Mid,London,105166,10,2,False,1,1
E10853,Johnathan Johnson,32,Finance,Lead,San Francisco,75020,9,3,True,1,0
E10854,Joan Thompson,44,Operations,Mid,Bangalore,74504,32,1,True,0,0
E10855,Sharon Miller,60,Sales,Manager,New York,93934,37,1,False,0,1
E10856,Kyle Jones,52,Sales,Mid,Bangalore,63493,15,2,False,0,1
E10857,Kimberly Perez,53,Finance,Senior,Tokyo,82928,36,1,False,0,1
E10858,Mrs. Tiffany Martin,24,Legal,Intern,Bangalore,19452,26,5,False,1,0
E10859,Amanda Rodriguez,18,Legal,VP,Bangalore,77895,17,4,False,0,1
E10860,Logan Russell,60,Sales,C-level,Bangalore,43864,30,1,False,0,1
E10861,Mark Sosa,25,IT,Junior,Bangalore,81021,7,5,True,0,1
E10862,Michael Logan,43,Marketing,Junior,Bangalore,69472,30,2,False,0,0
E10863,Daniel Barron,33,Finance,Lead,Bangalore,40598,15,4,True,0,1
E10864,William Harris,40,Sales,VP,Berlin,109532,22,3,False,0,0
E10865,Ricky Gentry,51,Operations,Mid,Bangalore,111014,18,3,True,0,0
E10866,Wendy Taylor,35,HR,VP,London,80035,3,4,True,0,0
E10867,Dr. Elizabeth Wilson MD,54,Admin,Lead,New York,63612,21,2,True,0,1
E10868,John Berg,60,Legal,Manager,Remote,86199,11,5,False,1,0
E10869,James Davis,44,HR,Intern,Tokyo,103532,26,2,False,1,1
E10870,Brittany Graham,51,Legal,VP,London,68886,26,4,False,0,0
E10871,Caitlin Hill,44,Finance,VP,Remote,63060,8,4,True,1,1
E10872,Allen Summers,41,Finance,Intern,London,60568,33,5,False,0,1
E10873,Adam Fisher,57,Legal,VP,Bangalore,59107,18,1,True,1,1
E10874,Larry Bean,41,Marketing,Manager,Bangalore,97443,12,4,False,0,0
E10875,Sarah Carter,23,Sales,Lead,Bangalore,74641,9,5,True,1,1
E10876,Brandon Davidson,26,Marketing,Intern,San Francisco,54696,29,3,False,0,1
E10877,Daniel Nunez,19,IT,Director,Tokyo,87841,28,5,False,0,1
E10878,Miss Tammy Green,20,Admin,Lead,New York,71095,38,1,False,1,1
E10879,Susan Hoffman,54,Legal,VP,Remote,92316,24,4,False,0,0
E10880,Pamela Smith,35,Operations,Senior,Tokyo,54285,25,3,True,1,1
E10881,Janice Moss,52,Marketing,Director,Berlin,38524,36,4,True,0,1
E10882,Kyle Franklin,47,HR,Lead,Berlin,78069,33,4,True,0,1
E10883,Joseph Werner,59,HR,Senior,Bangalore,87520,14,4,False,1,0
E10884,William White,29,IT,Junior,London,78716,30,1,False,1,0
E10885,Joel Lawson,53,R&D,Senior,London,61770,12,5,True,0,0
E10886,Alexander Robertson,22,IT,Senior,London,86810,-20,5,True,0,0
E10887,Robin Miller,21,HR,C-level,Tokyo,63987,34,5,True,0,0
E10888,Christine Johnson,18,HR,Intern,New York,70603,0,1,False,1,0
E10889,Michele Hendrix,30,IT,Junior,New York,64204,11,3,True,1,1
E10890,Tanya Washington,41,Sales,Senior,London,63891,3,5,True,0,0
E10891,Ashley Hawkins,19,Legal,Intern,Tokyo,80499,24,5,True,0,0
E10892,Amanda Taylor,21,Sales,Junior,Remote,63635,19,3,True,0,0
E10893,Debra Jones,30,Marketing,Senior,Bangalore,66004,25,1,True,1,1
E10894,Lisa Mcmillan,42,Finance,VP,Berlin,60876,23,1,True,1,1
E10895,Robert Moody,44,IT,Director,London,102697,14,1,False,1,0
E10896,Christopher Haas,58,Marketing,Intern,Berlin,48540,32,4,False,0,0
E10897,Linda Austin,32,Legal,Director,San Francisco,68590,19,4,True,1,0
E10898,Matthew Curry,61,IT,Senior,San Francisco,65319,23,5,True,1,0
E10899,Annette Phillips,45,Marketing,Manager,London,94763,39,2,True,0,1
E10900,Terry Adams,27,Admin,Senior,Berlin,82857,3,5,True,1,0
E10901,Robert Rodriguez,38,IT,Intern,Tokyo,73749,4,4,False,1,1
E10902,Susan Myers,22,Legal,Mid,Remote,48034,19,5,True,0,1
E10903,Denise Hughes,61,IT,Lead,Berlin,59095,20,1,True,0,0
E10904,Todd Yoder,49,HR,VP,Tokyo,76684,9,3,True,1,1
E10905,Dr. Brianna Williams,41,Operations,Intern,Remote,40576,11,2,True,0,1
E10906,Stacie Gonzales,41,R&D,Junior,San Francisco,91143,4,3,False,1,1
E10907,Alejandro Snyder,20,Marketing,Mid,New York,64290,16,4,False,0,0
E10908,Chase Gilbert,37,Legal,Mid,Bangalore,25352,26,4,True,1,0
E10909,Jake Moss,41,Marketing,Manager,Bangalore,77183,9,5,True,0,1
E10910,Lisa Johnson,55,R&D,VP,Tokyo,32720,7,1,False,1,1
E10911,Heather Campbell,24,Finance,C-level,London,64759,21,5,False,1,0
E10912,Kathleen Murillo,43,Sales,Mid,London,58701,18,4,False,0,1
E10913,Reginald Braun,18,R&D,C-level,Remote,40050,34,1,True,1,0
E10914,Ricardo Stevens,59,HR,Mid,Berlin,63328,9,2,True,0,0
E10915,Debbie Hill,45,HR,C-level,Berlin,53138,18,2,True,1,0
E10916,Gary Wood,47,Operations,Lead,Tokyo,82671,10,5,True,0,0
E10917,Lori Payne,18,Marketing,Junior,Remote,73943,38,3,False,0,0
E10918,Michael Walker,25,Marketing,Lead,Remote,49370,4,2,False,1,1
E10919,Brianna Cunningham,26,R&D,Junior,New York,82810,24,2,False,1,1
E10920,Edward Tran,42,HR,Manager,Tokyo,72256,38,1,True,0,1
E10921,Nicole Davenport,31,IT,Junior,Tokyo,66606,25,5,False,1,1
E10922,Sean Rodriguez,57,Marketing,Senior,Berlin,27413,13,4,True,1,0
E10923,Jasmine Baker,28,Sales,C-level,Remote,63910,18,3,False,0,0
E10924,Timothy Simmons MD,19,Finance,Lead,Tokyo,56161,30,5,True,0,1
E10925,Kim Mitchell,50,Legal,Junior,London,77806,6,2,True,0,0
E10926,Jennifer Banks,40,IT,Lead,New York,78177,21,1,True,0,0
E10927,Mr. Peter Green,61,Marketing,Senior,London,84011,22,4,True,1,0
E10928,Megan Herrera,21,Sales,Senior,Remote,92687,5,2,True,1,0
E10929,Jessica Kirk,40,Legal,Senior,London,55303,17,4,False,1,1
E10930,Theodore Pittman,45,Marketing,Director,Bangalore,79104,39,3,False,1,1
E10931,Karen Thompson,64,IT,Manager,Berlin,76539,2,2,True,0,0
E10932,Kathryn Harris,54,HR,C-level,London,66117,14,3,False,1,0
E10933,Parker Ruiz,33,HR,Junior,Berlin,65473,32,5,True,0,0
E10934,Sara Mcconnell,49,HR,Manager,Tokyo,90548,4,3,True,1,0
E10935,John Brown,19,Operations,C-level,Bangalore,102886,12,3,True,0,0
E10936,William Johnson,57,IT,Intern,Berlin,36381,38,3,False,1,0
E10937,Daniel Rowe,19,HR,C-level,Tokyo,57984,27,1,True,0,0
E10938,Gina Williams,30,Marketing,Intern,Bangalore,71102,23,4,True,0,0
E10939,Ashley Tucker,64,Operations,Senior,Tokyo,96225,32,5,True,1,0
E10940,Matthew Klein,52,R&D,Lead,Remote,73495,3,1,True,0,0
E10941,Brenda Chambers,26,Marketing,C-level,Berlin,74375,13,1,True,0,1
E10942,Ashley Phillips,63,HR,Mid,San Francisco,65116,24,3,False,1,1
E10943,Christina Campbell,54,Marketing,Director,London,70762,14,5,False,1,0
E10944,Emily James,21,Sales,Senior,Remote,46067,6,5,False,1,0
E10945,Kenneth Jennings,29,IT,Manager,San Francisco,74170,14,4,True,1,0
E10946,Valerie Gonzalez DVM,63,Sales,Intern,Berlin,69190,16,5,False,0,1
E10947,Jeremy Curry,43,Sales,C-level,Bangalore,41747,11,3,True,0,1
E10948,Daniel Williamson,58,Marketing,VP,New York,62629,17,3,False,1,1
E10949,Tim Anderson,48,Legal,Intern,Remote,75153,28,3,False,0,0
E10950,Angela Lawrence,62,Admin,VP,Tokyo,40342,8,5,False,1,1
E10951,Tammy Nguyen,31,HR,Director,New York,95894,35,5,True,0,0
E10952,Lisa Castillo,59,Operations,Intern,London,82501,28,2,False,1,1
E10953,Kristen Newman,31,HR,Manager,San Francisco,68192,39,4,True,0,0
E10954,Nicole Le,56,Sales,Intern,Tokyo,74992,14,2,False,1,1
E10955,Jordan Burgess,27,Finance,Senior,Berlin,77961,21,5,True,1,1
E10956,Mary Harrison,48,IT,Senior,Bangalore,63130,12,3,False,0,1
E10957,Megan Petersen,63,Legal,Director,Bangalore,51136,19,2,True,1,0
E10958,Jennifer Torres,64,Operations,Intern,New York,75902,20,1,False,1,0
E10959,Brittany Kelly,24,Finance,C-level,London,61307,20,1,True,0,1
E10960,Joel Ferguson,30,R&D,Mid,New York,66659,34,5,True,0,1
E10961,Rebekah Esparza,52,Finance,Intern,San Francisco,82473,39,4,True,1,1
E10962,Scott Gutierrez,43,Operations,Director,Bangalore,55005,34,1,True,0,0
E10963,Christine James,59,Legal,C-level,Berlin,72079,21,5,True,1,0
E10964,Jeff Cabrera,30,Operations,C-level,London,37435,8,2,False,0,1
E10965,Mary Sullivan,32,Admin,Senior,New York,64176,1,5,True,0,0
E10966,Steven Wilson,49,Operations,Intern,San Francisco,83553,20,2,False,1,1
E10967,Susan Murphy,49,Legal,Senior,Remote,73813,36,1,True,1,0
E10968,Adrian Reynolds,26,HR,Manager,San Francisco,93666,3,5,False,1,0
E10969,Tanya Byrd,20,IT,Intern,Berlin,73378,5,5,False,0,0
E10970,Brooke Miles,50,Admin,Mid,Tokyo,28217,38,3,False,1,1
E10971,James Hancock,32,HR,Junior,Remote,46778,28,4,True,0,1
E10972,Sonya Ortega,61,Sales,Director,Tokyo,62227,14,5,False,1,1
E10973,Elizabeth Rodriguez,29,Marketing,Director,Remote,61971,19,5,False,1,1
E10974,Roberta Simmons,48,Operations,VP,San Francisco,75818,15,2,True,1,0
E10975,Mitchell Richardson,45,IT,Lead,Remote,68896,34,4,True,1,0
E10976,Nichole Smith,24,Marketing,Lead,New York,74571,35,4,True,0,1
E10977,Gregory Terry,41,Legal,Senior,Berlin,51107,24,5,False,1,0
E10978,Annette Stephenson,39,IT,Mid,Tokyo,45343,20,5,False,0,0
E10979,Pamela Thomas,23,Legal,Manager,London,60699,28,5,True,0,0
E10980,Amy Hawkins,49,IT,Senior,Tokyo,75124,10,1,False,1,1
E10981,Robert Rubio,59,Operations,Intern,Bangalore,79725,14,2,False,1,0
E10982,Erin Freeman,27,Admin,Senior,Bangalore,70565,15,2,True,0,0
E10983,Paula Garza,36,Legal,VP,San Francisco,65823,6,3,False,0,0
E10984,Jennifer Lozano,33,Operations,Director,Berlin,56306,34,5,True,0,0
E10985,Julie Curry,20,Sales,C-level,San Francisco,72953,14,4,True,1,0
E10986,Cindy Johnson,22,Marketing,Intern,Bangalore,201535,3,5,True,1,0
E10987,Anthony Clark,26,Operations,Junior,Remote,77035,27,2,False,0,1
E10988,Matthew Hunter,26,Operations,VP,London,98520,21,2,True,1,1
E10989,Nina Bryant,52,Finance,Mid,Remote,71403,21,4,True,0,1
E10990,Kenneth Garza,42,Operations,Mid,New York,94607,28,3,False,1,1
E10991,Kara Allen,30,HR,Mid,London,52673,28,4,True,0,0
E10992,Julian Wilson,26,Operations,VP,London,21777,35,4,False,0,0
E10993,Grace Combs,49,Sales,C-level,Tokyo,38974,38,2,False,0,0
E10994,Donald Woodard,37,IT,Manager,Berlin,45299,24,3,True,0,0
E10995,Jenna Gibson,19,HR,VP,New York,51626,30,4,False,1,0
E10996,Ryan Reeves,55,Legal,VP,New York,64841,7,5,False,1,1
E10997,Lisa Stout,56,Operations,Director,Berlin,99807,5,5,True,0,0
E10998,Danny Williams,30,Legal,Mid,Bangalore,81438,27,5,False,1,1
E10999,James Pierce,53,IT,Manager,New York,89301,9,1,False,0,1
