employee_id,name,age,department,job_level,location,salary,years_with_company,last_performance_rating,is_remote,promotion_last_2_years,left_company,gender
E10000,Mia Smith,29.0,HR,VP,Bangalore,126881.0,27.0,3.0,0.0,0.0,0.0,Non-binary
E10001,Stefanie Castro,47.0,Admin,Manager,Tokyo,91175.0,10.0,1.0,1.0,0.0,1.0,Female
E10002,Angela Dunlap,28.0,HR,VP,Tokyo,61377.0,28.0,3.0,0.0,1.0,0.0,Male
E10003,Keith Ruiz,52.0,Finance,Senior,Berlin,107164.0,22.0,3.0,0.0,0.0,0.0,Female
E10004,Larry Perry,62.0,Operations,Intern,London,191721.0,11.0,3.0,0.0,1.0,0.0,Female
E10005,Laura Jones,37.0,Sales,Intern,New York,193249.0,37.0,5.0,0.0,1.0,1.0,Male
E10006,Jack Shelton,59.0,Operations,Intern,Berlin,161613.0,27.0,3.0,1.0,0.0,1.0,Male
E10007,Stephen Lynch,28.0,HR,Junior,Berlin,63750.0,35.0,3.0,1.0,1.0,0.0,Female
E10008,Anna Ramos,25.0,HR,VP,Remote,43284.0,30.0,3.0,1.0,0.0,0.0,Female
E10009,Megan Zamora,43.0,R&D,Junior,Remote,52850.0,4.0,1.0,1.0,1.0,1.0,Female
E10010,Richard Barrett,18.0,Sales,Director,New York,34976.0,35.0,3.0,1.0,0.0,1.0,Female
E10011,Kenneth Green Jr.,42.0,Marketing,Manager,London,27704.0,19.0,5.0,1.0,1.0,0.0,Male
E10012,Kimberly Santana,24.0,Legal,Manager,San Francisco,62045.0,25.0,3.0,0.0,1.0,1.0,Female
E10013,Rebecca Noble,60.0,HR,Intern,San Francisco,113986.0,24.0,4.0,1.0,1.0,0.0,Male
E10014,Grant King,61.0,IT,Intern,Tokyo,216488.0,33.0,4.0,1.0,1.0,0.0,Male
E10015,Emma Brock,28.0,Finance,Junior,New York,47609.0,28.0,1.0,1.0,0.0,0.0,Female
E10016,Lauren Moreno,55.0,IT,Manager,London,64636.0,15.0,1.0,0.0,1.0,0.0,Female
E10017,Alexander Acosta,41.0,R&D,Junior,San Francisco,29651.0,39.0,3.0,0.0,0.0,0.0,Male
E10018,Amanda Garcia,62.0,R&D,Intern,New York,134819.0,18.0,3.0,0.0,1.0,1.0,Female
E10019,Steven Lee,54.0,R&D,C-level,London,73731.0,0.0,1.0,0.0,1.0,0.0,Female
E10020,Amber Webster,42.0,Sales,Intern,Bangalore,320022.0,34.0,3.0,0.0,0.0,1.0,Female
E10021,Samantha Hicks,64.0,Legal,Intern,New York,149955.0,19.0,1.0,0.0,0.0,1.0,Female
E10022,Felicia Reid,64.0,Marketing,Intern,San Francisco,170843.0,37.0,3.0,0.0,0.0,1.0,Male
E10023,Daniel Hall,55.0,Legal,Junior,Berlin,120307.0,17.0,4.0,0.0,1.0,1.0,Male
E10024,William Brown,19.0,Finance,Manager,Tokyo,117697.0,7.0,4.0,1.0,0.0,1.0,Male
E10025,Darius White,37.0,Marketing,VP,Bangalore,72369.0,35.0,2.0,0.0,0.0,0.0,Other
E10026,Diana Becker,63.0,Marketing,Intern,London,165182.0,10.0,3.0,1.0,1.0,1.0,Male
E10027,Daniel Kirk,34.0,Sales,C-level,Tokyo,12835.0,24.0,1.0,0.0,1.0,1.0,Female
E10028,Connie Sharp,62.0,Admin,Intern,Remote,188135.0,21.0,3.0,1.0,1.0,0.0,Female
E10029,Roberto Berg,46.0,Finance,Director,New York,44793.0,21.0,2.0,0.0,0.0,1.0,Other
E10030,Brenda Wilson,26.0,Operations,C-level,Tokyo,34218.0,34.0,3.0,0.0,1.0,1.0,Female
E10031,Vickie Bryan,39.0,Admin,Lead,Bangalore,168824.0,5.0,2.0,1.0,0.0,0.0,Female
E10032,Adrienne Lee,61.0,Sales,Intern,London,93770.0,39.0,5.0,1.0,0.0,1.0,Male
E10033,Kyle Cruz,50.0,Finance,VP,Remote,26120.0,14.0,1.0,0.0,0.0,1.0,Female
E10034,Amanda Martin,59.0,Sales,Intern,San Francisco,109922.0,22.0,1.0,0.0,0.0,0.0,Female
E10035,Bryan Hansen,20.0,Legal,Intern,Tokyo,297111.0,15.0,4.0,1.0,0.0,0.0,Male
E10036,Michelle Baker,41.0,HR,VP,San Francisco,41666.0,31.0,1.0,1.0,1.0,0.0,Female
E10037,Tammy Peterson,20.0,HR,VP,Berlin,101815.0,22.0,5.0,1.0,0.0,0.0,Male
E10038,Jennifer Moore,63.0,Marketing,Intern,Remote,173261.0,0.0,1.0,0.0,0.0,0.0,Female
E10039,Darrell Roberts,60.0,Operations,Intern,London,148348.0,0.0,4.0,1.0,1.0,0.0,Male
E10040,Gina Ford,46.0,Legal,Manager,Tokyo,72976.0,12.0,3.0,1.0,0.0,1.0,Male
E10041,William Good,61.0,Sales,Intern,Remote,111310.0,3.0,4.0,1.0,1.0,1.0,Male
E10042,Christopher Miller,51.0,Admin,Manager,Bangalore,125730.0,4.0,1.0,0.0,0.0,1.0,Female
E10043,John Coleman,41.0,Sales,Senior,San Francisco,34419.0,20.0,1.0,1.0,0.0,0.0,Female
E10044,Cindy Mejia,30.0,HR,Mid,New York,61358.0,13.0,3.0,1.0,1.0,0.0,Male
E10045,Michelle Garcia,64.0,R&D,Intern,San Francisco,146431.0,19.0,5.0,0.0,0.0,0.0,Male
E10046,Kevin Miller,64.0,Legal,Intern,San Francisco,133170.0,1.0,1.0,0.0,1.0,0.0,Female
E10047,Joseph Campbell,40.0,IT,Senior,London,65139.0,37.0,3.0,1.0,0.0,0.0,Male
E10048,Mrs. Jennifer Kirby,58.0,R&D,Intern,Bangalore,146774.0,24.0,1.0,0.0,0.0,0.0,Non-binary
E10049,Stephanie Mills,50.0,Operations,Intern,London,289620.0,30.0,4.0,0.0,0.0,1.0,Male
E10050,Ryan Smith,28.0,Admin,VP,New York,63806.0,29.0,3.0,0.0,1.0,1.0,Female
E10051,Chad Ramirez,58.0,Operations,Intern,New York,109138.0,4.0,3.0,0.0,0.0,1.0,Male
E10052,Yolanda Smith,42.0,Operations,Senior,London,67611.0,0.0,3.0,1.0,0.0,1.0,Female
E10053,Donald Graham,55.0,HR,VP,Bangalore,106021.0,18.0,5.0,1.0,0.0,0.0,Male
E10054,Crystal Leblanc,48.0,Finance,C-level,New York,31001.0,14.0,5.0,1.0,0.0,1.0,Male
E10055,Anna Maxwell,40.0,R&D,Mid,London,20963.0,11.0,3.0,0.0,0.0,0.0,Male
E10056,Ralph Price,59.0,Finance,Intern,Berlin,132285.0,16.0,3.0,0.0,0.0,1.0,Male
E10057,David Flores,51.0,Marketing,C-level,Berlin,21548.0,32.0,4.0,1.0,0.0,1.0,Non-binary
E10058,Antonio Hudson,23.0,Admin,Senior,San Francisco,109796.0,12.0,4.0,1.0,1.0,0.0,Male
E10059,Richard Escobar,43.0,IT,Junior,New York,74025.0,24.0,4.0,1.0,0.0,0.0,Male
E10060,Henry Cohen,25.0,HR,VP,Bangalore,58923.0,2.0,2.0,0.0,0.0,0.0,Female
E10061,Laura Frank,26.0,Sales,Senior,Remote,92367.0,7.0,4.0,1.0,1.0,1.0,Male
E10062,Julia Wade,52.0,Legal,Intern,Bangalore,290298.0,16.0,4.0,1.0,1.0,1.0,Male
E10063,Michael Horn,35.0,Admin,Senior,San Francisco,83017.0,17.0,5.0,1.0,1.0,0.0,Male
E10064,Carlos Welch,32.0,Operations,Director,Tokyo,65478.0,32.0,2.0,0.0,1.0,1.0,Female
E10065,Julia Duncan,54.0,R&D,Senior,London,12880.0,1.0,5.0,1.0,1.0,0.0,Male
E10066,Barbara Anthony,18.0,Operations,Junior,San Francisco,57640.0,12.0,5.0,0.0,1.0,1.0,Male
E10067,Jose Terrell,18.0,Finance,Director,Tokyo,80968.0,33.0,3.0,1.0,0.0,0.0,Female
E10068,Brian King,22.0,Operations,Lead,London,49354.0,34.0,5.0,0.0,1.0,0.0,Male
E10069,Cody Thompson,40.0,HR,Junior,San Francisco,18721.0,13.0,3.0,0.0,0.0,1.0,Female
E10070,Christine Romero,24.0,Marketing,Manager,Bangalore,96959.0,39.0,4.0,0.0,0.0,0.0,Male
E10071,Matthew Williams,34.0,R&D,VP,New York,2655.0,11.0,5.0,1.0,0.0,1.0,Non-binary
E10072,Shirley Snyder,44.0,Sales,Junior,Berlin,122559.0,32.0,4.0,0.0,1.0,1.0,Male
E10073,Linda Baldwin,45.0,Operations,Senior,New York,12904.0,15.0,3.0,1.0,0.0,1.0,Female
E10074,Robert Wise,24.0,Sales,C-level,London,24928.0,5.0,5.0,1.0,0.0,1.0,Male
E10075,Jessica Arias,29.0,Legal,Junior,Bangalore,83473.0,20.0,1.0,1.0,1.0,1.0,Female
E10076,Bernard Frazier,28.0,Sales,Intern,Bangalore,304987.0,1.0,3.0,1.0,1.0,1.0,Male
E10077,Amber Rhodes,28.0,Legal,Manager,San Francisco,26536.0,4.0,5.0,1.0,1.0,1.0,Male
E10078,Andrew Ward,36.0,Marketing,VP,Remote,30372.0,31.0,2.0,1.0,0.0,0.0,Female
E10079,Mrs. Pamela Neal,35.0,Finance,VP,London,76856.0,27.0,2.0,1.0,0.0,0.0,Female
E10080,Ashley Evans,32.0,HR,Manager,Remote,47560.0,33.0,1.0,1.0,1.0,0.0,Non-binary
E10081,Taylor Johnson,33.0,Admin,Senior,New York,103492.0,18.0,5.0,1.0,0.0,1.0,Male
E10082,Kevin Anderson,21.0,Admin,Manager,Berlin,127763.0,34.0,3.0,0.0,0.0,0.0,Female
E10083,Teresa Scott,40.0,IT,Manager,Remote,45386.0,12.0,5.0,0.0,1.0,0.0,Non-binary
E10084,Olivia Mann,24.0,Admin,VP,New York,103108.0,23.0,5.0,1.0,1.0,0.0,Male
E10085,Thomas Walker,62.0,Finance,Intern,London,112746.0,13.0,3.0,0.0,0.0,1.0,Female
E10086,Tiffany Santos,64.0,Marketing,Intern,London,114477.0,31.0,1.0,0.0,0.0,1.0,Female
E10087,Mr. Michael Garcia,55.0,Marketing,C-level,Tokyo,46317.0,30.0,1.0,1.0,1.0,1.0,Female
E10088,Makayla Mullins DDS,49.0,Legal,Mid,New York,58231.0,39.0,1.0,1.0,1.0,1.0,Female
E10089,Patrick Castillo,62.0,Legal,Intern,New York,117004.0,16.0,3.0,1.0,0.0,1.0,Male
E10090,Valerie Curtis,52.0,Sales,Intern,San Francisco,349306.0,2.0,2.0,0.0,1.0,1.0,Female
E10091,Andrea Sanchez,26.0,Admin,Director,Remote,88382.0,9.0,3.0,1.0,0.0,0.0,Male
E10092,Jessica Ortega,56.0,Admin,Intern,Tokyo,176675.0,8.0,4.0,1.0,0.0,1.0,Male
E10093,Lori Perkins,31.0,Admin,Lead,Bangalore,125056.0,11.0,4.0,0.0,0.0,0.0,Male
E10094,Jeffrey Mcdonald,46.0,Legal,Director,Remote,70373.0,32.0,3.0,1.0,0.0,0.0,Male
E10095,Carlos Baker,50.0,Marketing,VP,New York,50858.0,13.0,5.0,0.0,1.0,1.0,Male
E10096,Tiffany Chang,18.0,Admin,VP,New York,70802.0,10.0,5.0,0.0,1.0,1.0,Male
E10097,Karla Dennis,32.0,Legal,Director,Bangalore,44404.0,3.0,4.0,1.0,0.0,0.0,Male
E10098,Sierra Garcia,60.0,R&D,Intern,London,161517.0,16.0,3.0,0.0,1.0,0.0,Male
E10099,Michael Wong,48.0,HR,C-level,San Francisco,28405.0,23.0,3.0,1.0,1.0,0.0,Female
E10100,Joshua Moore,18.0,Operations,C-level,San Francisco,25396.0,5.0,3.0,1.0,1.0,0.0,Male
E10101,Cody Blackburn,30.0,Operations,Senior,Tokyo,64774.0,0.0,4.0,1.0,0.0,1.0,Male
E10102,Franklin Perkins,56.0,Marketing,Intern,Bangalore,199865.0,0.0,2.0,1.0,0.0,0.0,Female
E10103,Robert Holmes,55.0,Operations,Mid,Berlin,113065.0,36.0,3.0,1.0,0.0,0.0,Female
E10104,Drew Dawson,53.0,Marketing,Manager,San Francisco,48992.0,7.0,1.0,0.0,0.0,1.0,Female
E10105,Jessica Woods,40.0,R&D,Mid,New York,27723.0,5.0,2.0,0.0,0.0,1.0,Female
E10106,Caleb Leon,23.0,Finance,Mid,Bangalore,82706.0,39.0,5.0,1.0,0.0,1.0,Male
E10107,Sara Smith,53.0,IT,Manager,Tokyo,71330.0,31.0,2.0,1.0,1.0,0.0,Female
E10108,Nicole Rhodes,57.0,HR,Intern,Bangalore,161208.0,9.0,3.0,1.0,1.0,0.0,Male
E10109,Tiffany Galloway,44.0,Marketing,Director,Bangalore,80309.0,22.0,5.0,0.0,1.0,1.0,Male
E10110,Isabella Harris,56.0,Sales,Intern,Bangalore,242198.0,1.0,2.0,0.0,0.0,1.0,Female
E10111,Paul Jones,29.0,Marketing,Senior,San Francisco,29566.0,31.0,2.0,1.0,1.0,0.0,Female
E10112,George Taylor,62.0,Sales,Intern,London,207627.0,28.0,1.0,1.0,0.0,1.0,Female
E10113,Patricia Scott,49.0,Finance,Manager,London,40241.0,14.0,3.0,0.0,1.0,1.0,Male
E10114,Kim Bell,23.0,R&D,Senior,Berlin,44636.0,24.0,2.0,0.0,0.0,1.0,Female
E10115,Alexander Sullivan,22.0,Sales,Senior,Bangalore,140332.0,6.0,5.0,0.0,0.0,1.0,Male
E10116,Samantha Sanchez,61.0,Admin,Intern,Remote,349425.0,20.0,5.0,0.0,0.0,0.0,Male
E10117,Tyler Hart MD,32.0,R&D,Manager,New York,9364.0,5.0,5.0,0.0,1.0,0.0,Male
E10118,Harold Ramsey,28.0,IT,VP,Tokyo,62324.0,34.0,3.0,0.0,0.0,0.0,Non-binary
E10119,Patricia Calderon,62.0,HR,Intern,Berlin,141947.0,38.0,3.0,1.0,0.0,0.0,Male
E10120,Lori Stephens,49.0,IT,Senior,San Francisco,36779.0,27.0,3.0,1.0,0.0,1.0,Non-binary
E10121,Darlene Bryant,50.0,Marketing,Junior,Remote,55485.0,31.0,3.0,1.0,1.0,0.0,Male
E10122,Brian Chase,37.0,Sales,VP,Tokyo,76677.0,6.0,4.0,0.0,0.0,1.0,Male
E10123,Cynthia Willis,22.0,Legal,Intern,New York,186791.0,10.0,2.0,1.0,0.0,0.0,Female
E10124,Jessica Jones,46.0,Legal,Lead,Bangalore,113628.0,33.0,4.0,1.0,0.0,1.0,Male
E10125,Matthew Myers,47.0,HR,C-level,Bangalore,12375.0,29.0,5.0,0.0,0.0,1.0,Male
E10126,Theresa Armstrong,29.0,Admin,Manager,New York,80459.0,22.0,4.0,1.0,1.0,0.0,Male
E10127,Donald Sullivan,54.0,HR,Manager,London,73877.0,14.0,1.0,1.0,1.0,0.0,Female
E10128,Mr. Daniel Bell,37.0,Finance,Intern,Bangalore,294227.0,29.0,4.0,0.0,1.0,0.0,Male
E10129,Barbara Alvarado,47.0,Legal,Director,Bangalore,75403.0,26.0,3.0,1.0,1.0,1.0,Male
E10130,Joseph Fischer,45.0,Sales,Intern,San Francisco,238672.0,32.0,2.0,0.0,0.0,1.0,Female
E10131,Sarah Cooper,22.0,HR,Mid,London,51361.0,6.0,5.0,1.0,1.0,0.0,Male
E10132,Ashley Hernandez,37.0,Marketing,Senior,Remote,56209.0,28.0,3.0,0.0,0.0,1.0,Female
E10133,James Grant,42.0,HR,Senior,Tokyo,96072.0,24.0,3.0,1.0,0.0,0.0,Male
E10134,Mary Williams,36.0,IT,Director,San Francisco,38626.0,13.0,2.0,1.0,0.0,1.0,Female
E10135,Jared Krause,55.0,Operations,VP,Tokyo,124722.0,32.0,4.0,0.0,0.0,0.0,Male
E10136,John Rodriguez,31.0,Marketing,VP,New York,57421.0,31.0,3.0,0.0,0.0,1.0,Male
E10137,Mindy Robinson,43.0,Operations,Intern,Berlin,256523.0,5.0,1.0,1.0,1.0,0.0,Female
E10138,Robert Mccullough,50.0,Finance,C-level,Tokyo,19822.0,22.0,1.0,0.0,1.0,1.0,Female
E10139,Susan Moss,61.0,Finance,Intern,New York,127908.0,8.0,3.0,0.0,1.0,1.0,Male
E10140,Mr. Thomas Beck Jr.,52.0,IT,C-level,Tokyo,8646.0,17.0,4.0,0.0,1.0,1.0,Male
E10141,Karen Krueger,25.0,IT,Intern,New York,250406.0,2.0,3.0,0.0,0.0,1.0,Male
E10142,Christine Diaz,21.0,IT,VP,Tokyo,93858.0,3.0,5.0,1.0,1.0,0.0,Male
E10143,Christopher Hoover,48.0,Marketing,Mid,Tokyo,89688.0,0.0,1.0,1.0,1.0,1.0,Female
E10144,Melissa Christensen,50.0,Marketing,C-level,San Francisco,61555.0,5.0,1.0,0.0,0.0,1.0,Other
E10145,Lindsey Carrillo,43.0,IT,Lead,Berlin,31511.0,32.0,3.0,1.0,1.0,1.0,Female
E10146,James Morrison,41.0,IT,C-level,London,46637.0,22.0,1.0,0.0,1.0,0.0,Female
E10147,Diane Johnson,45.0,Finance,Manager,New York,44109.0,0.0,2.0,1.0,0.0,1.0,Female
E10148,Brianna Wagner,64.0,R&D,Intern,New York,139410.0,19.0,5.0,0.0,0.0,0.0,Male
E10149,Monica Ramirez,37.0,Legal,Senior,Tokyo,72079.0,7.0,3.0,0.0,0.0,1.0,Female
E10150,Miranda Frank,57.0,R&D,Intern,San Francisco,81118.0,28.0,4.0,1.0,0.0,1.0,Male
E10151,Karen Harrison,20.0,Finance,Lead,Remote,70713.0,2.0,3.0,0.0,0.0,0.0,Male
E10152,Laura Sullivan,24.0,R&D,Intern,New York,161180.0,36.0,3.0,1.0,0.0,0.0,Female
E10153,Beverly Harris,28.0,Finance,Senior,Bangalore,97294.0,23.0,4.0,1.0,0.0,1.0,Male
E10154,Carolyn Smith,29.0,Operations,Lead,New York,34999.0,13.0,1.0,0.0,0.0,0.0,Female
E10155,Matthew Mcintyre,46.0,R&D,Manager,San Francisco,3270.0,5.0,5.0,1.0,0.0,1.0,Male
E10156,Paul Mason,20.0,Operations,C-level,Berlin,81175.0,8.0,3.0,0.0,0.0,1.0,Male
E10157,Keith Adams,59.0,Admin,Intern,Remote,234282.0,1.0,5.0,0.0,0.0,0.0,Male
E10158,Jason Simpson,19.0,Marketing,Junior,New York,38137.0,30.0,3.0,0.0,1.0,0.0,Male
E10159,Parker Aguilar,24.0,HR,Manager,San Francisco,56496.0,8.0,4.0,0.0,0.0,0.0,Male
E10160,Trevor Barnes,31.0,Operations,Senior,London,42417.0,1.0,3.0,0.0,1.0,1.0,Female
E10161,Brandon Davis,53.0,Marketing,Manager,San Francisco,35829.0,24.0,3.0,0.0,0.0,1.0,Male
E10162,Aaron Ramirez,51.0,Legal,Senior,Berlin,97467.0,21.0,2.0,0.0,1.0,0.0,Female
E10163,Barry Reeves,52.0,Operations,Intern,San Francisco,282864.0,34.0,3.0,0.0,1.0,1.0,Female
E10164,Patricia Moore,24.0,Marketing,Mid,New York,49537.0,30.0,4.0,0.0,1.0,1.0,Male
E10165,Thomas Velazquez,19.0,Admin,Intern,Tokyo,308863.0,12.0,2.0,0.0,0.0,1.0,Female
E10166,David Cooper,41.0,R&D,C-level,Bangalore,68153.0,3.0,4.0,1.0,0.0,0.0,Male
E10167,Jon Mills,30.0,Finance,Director,Bangalore,115639.0,38.0,3.0,0.0,1.0,1.0,Female
E10168,Robert Parks,24.0,HR,Senior,London,21357.0,20.0,1.0,0.0,0.0,0.0,Female
E10169,Edward Perkins,33.0,Operations,Intern,Berlin,280989.0,28.0,3.0,1.0,1.0,1.0,Male
E10170,Angela Flores,39.0,Finance,Senior,Berlin,119075.0,8.0,1.0,1.0,1.0,0.0,Female
E10171,Tracy Olson,35.0,Legal,Director,Bangalore,135726.0,39.0,4.0,0.0,0.0,1.0,Male
E10172,Dr. Edward Powers,45.0,HR,C-level,London,14008.0,9.0,3.0,1.0,0.0,0.0,Male
E10173,Hannah Reyes,55.0,R&D,Mid,London,13498.0,0.0,4.0,0.0,1.0,0.0,Male
E10174,Courtney Henson,47.0,Operations,Director,Remote,48731.0,33.0,5.0,1.0,0.0,0.0,Male
E10175,Jennifer Dennis,45.0,Operations,Intern,Berlin,231515.0,5.0,5.0,0.0,0.0,1.0,Male
E10176,Fred Ortiz,47.0,Operations,Lead,Berlin,82734.0,12.0,3.0,1.0,1.0,1.0,Male
E10177,Dakota Johnson,45.0,Operations,C-level,San Francisco,19903.0,11.0,1.0,0.0,1.0,0.0,Female
E10178,Nicole Boone,40.0,Admin,Manager,Tokyo,105002.0,3.0,5.0,1.0,1.0,1.0,Male
E10179,Adrian Hernandez,19.0,R&D,Manager,New York,829.0,6.0,5.0,0.0,0.0,0.0,Male
E10180,Stephanie Young,39.0,Finance,Lead,Remote,53567.0,37.0,3.0,1.0,1.0,0.0,Female
E10181,Dr. Daniel Carpenter,22.0,Operations,Director,Bangalore,90535.0,39.0,5.0,0.0,0.0,0.0,Male
E10182,James Miller,35.0,Operations,Intern,San Francisco,229730.0,28.0,5.0,1.0,1.0,0.0,Other
E10183,Hunter Duncan,55.0,Legal,VP,Tokyo,106917.0,39.0,4.0,0.0,0.0,1.0,Male
E10184,William Clark,61.0,HR,Intern,San Francisco,184348.0,26.0,1.0,0.0,0.0,0.0,Other
E10185,Tammy Simpson,32.0,IT,Junior,Remote,80106.0,6.0,1.0,1.0,1.0,0.0,Female
E10186,Joshua Case,60.0,Sales,Intern,Remote,177470.0,12.0,4.0,1.0,1.0,0.0,Male
E10187,Crystal Gallagher,47.0,Legal,Manager,Bangalore,97241.0,7.0,3.0,0.0,0.0,1.0,Female
E10188,Nathan Manning DVM,34.0,HR,C-level,Berlin,13053.0,29.0,2.0,1.0,1.0,0.0,Female
E10189,Chris Watson,52.0,Sales,Intern,Berlin,259977.0,24.0,1.0,1.0,0.0,0.0,Other
E10190,Kenneth Brown,21.0,Legal,Junior,London,17460.0,6.0,5.0,1.0,1.0,1.0,Male
E10191,Dawn Rivera,24.0,R&D,Intern,Tokyo,236538.0,2.0,3.0,0.0,0.0,0.0,Male
E10192,Shannon Beasley,41.0,Operations,Manager,New York,35361.0,16.0,4.0,1.0,0.0,1.0,Male
E10193,Rebekah Rodriguez,26.0,IT,VP,Tokyo,115971.0,1.0,3.0,0.0,0.0,0.0,Female
E10194,Christy Terry,59.0,R&D,Intern,New York,71929.0,7.0,5.0,1.0,1.0,1.0,Male
E10195,Sara Nelson,49.0,Finance,Junior,Tokyo,53530.0,25.0,2.0,0.0,1.0,1.0,Female
E10196,Jennifer Miller,56.0,Admin,Intern,New York,171280.0,13.0,2.0,0.0,0.0,0.0,Female
E10197,Jennifer Curry,31.0,Admin,C-level,Bangalore,123352.0,6.0,5.0,1.0,1.0,1.0,Male
E10198,Mark Long,52.0,Finance,Junior,Berlin,92348.0,32.0,1.0,0.0,0.0,1.0,Female
E10199,Robert Butler,43.0,HR,C-level,Berlin,19566.0,14.0,3.0,0.0,0.0,0.0,Female
E10200,Stacey Harper,45.0,Legal,Intern,New York,238246.0,16.0,2.0,1.0,0.0,0.0,Female
E10201,Brenda Lin,22.0,HR,Manager,Bangalore,67118.0,15.0,1.0,1.0,0.0,0.0,Female
E10202,Brandon Edwards,27.0,IT,Mid,London,63389.0,6.0,3.0,0.0,0.0,0.0,Female
E10203,Theresa Bruce,43.0,Sales,Intern,Remote,225167.0,12.0,3.0,1.0,0.0,1.0,Male
E10204,Rachel Ortiz,22.0,R&D,Lead,Tokyo,21291.0,20.0,2.0,0.0,1.0,1.0,Non-binary
E10205,Stephanie Ramirez,34.0,Operations,Manager,San Francisco,43288.0,18.0,4.0,0.0,0.0,1.0,Male
E10206,Daniel Colon,22.0,Finance,Director,Berlin,91646.0,39.0,1.0,1.0,1.0,1.0,Female
E10207,Andrew Ellis,41.0,Operations,Manager,New York,27365.0,22.0,5.0,0.0,0.0,1.0,Male
E10208,Sarah Diaz,24.0,Admin,Manager,Tokyo,117244.0,11.0,3.0,0.0,0.0,1.0,Male
E10209,Amy Alexander,48.0,Legal,Junior,New York,34934.0,39.0,3.0,0.0,0.0,0.0,Male
E10210,Stacy Ramirez DVM,20.0,Finance,Intern,Bangalore,318449.0,19.0,2.0,1.0,0.0,1.0,Non-binary
E10211,Danielle Anderson,45.0,HR,Senior,San Francisco,56587.0,10.0,4.0,1.0,0.0,0.0,Male
E10212,Mary Aguirre,46.0,Marketing,Manager,New York,24292.0,19.0,5.0,0.0,0.0,0.0,Male
E10213,Michelle Robertson,53.0,HR,Lead,San Francisco,85223.0,6.0,2.0,0.0,0.0,0.0,Other
E10214,Erik Rivera,29.0,Legal,Intern,Tokyo,243924.0,36.0,5.0,0.0,1.0,1.0,Male
E10215,Kelli Joseph,29.0,Sales,Senior,Remote,33799.0,18.0,3.0,1.0,0.0,0.0,Female
E10216,Sandra Roberts,59.0,Legal,Intern,New York,166114.0,2.0,1.0,1.0,1.0,1.0,Female
E10217,Brittany Cowan,25.0,Sales,Mid,Remote,88804.0,32.0,4.0,0.0,1.0,1.0,Male
E10218,Kenneth Taylor,46.0,Finance,Mid,Remote,49039.0,2.0,3.0,0.0,1.0,1.0,Male
E10219,Brenda Mccoy,30.0,R&D,Lead,Berlin,37542.0,14.0,3.0,1.0,1.0,1.0,Female
E10220,Jennifer Serrano,28.0,Finance,Lead,New York,3576.0,15.0,3.0,0.0,0.0,1.0,Male
E10221,Destiny Mills,18.0,IT,Senior,Tokyo,82643.0,4.0,3.0,0.0,1.0,1.0,Female
E10222,Melissa Coleman,46.0,Operations,Mid,London,69815.0,11.0,4.0,0.0,0.0,1.0,Male
E10223,Daniel West,49.0,Finance,Senior,Berlin,67899.0,7.0,1.0,0.0,0.0,1.0,Female
E10224,Christine Lawrence,49.0,Legal,Manager,Bangalore,89209.0,9.0,5.0,0.0,0.0,1.0,Male
E10225,Jennifer Hubbard,58.0,R&D,Intern,Bangalore,230795.0,19.0,3.0,1.0,0.0,1.0,Male
E10226,Aaron White,63.0,Sales,Intern,New York,279321.0,24.0,2.0,1.0,0.0,1.0,Non-binary
E10227,Vicki Price,51.0,Operations,Intern,New York,260746.0,0.0,3.0,0.0,1.0,0.0,Male
E10228,Angela Clarke,53.0,Marketing,Director,Berlin,105210.0,6.0,3.0,1.0,0.0,1.0,Male
E10229,Amy Kemp,50.0,Legal,Director,New York,3369.0,9.0,3.0,1.0,0.0,0.0,Male
E10230,Lawrence Casey,22.0,Legal,C-level,Remote,36761.0,5.0,1.0,0.0,0.0,1.0,Female
E10231,Alexander Norris,64.0,Marketing,Intern,New York,97757.0,30.0,3.0,1.0,1.0,1.0,Male
E10232,Hannah Cameron,58.0,Admin,Intern,Berlin,277703.0,36.0,1.0,0.0,0.0,0.0,Female
E10233,Victor Moore,61.0,Admin,Intern,San Francisco,196468.0,19.0,5.0,1.0,1.0,0.0,Male
E10234,Heidi Alexander,60.0,Legal,Intern,Tokyo,213861.0,7.0,1.0,1.0,0.0,1.0,Other
E10235,Joseph Kelly,46.0,IT,Lead,Berlin,87898.0,19.0,4.0,0.0,1.0,1.0,Male
E10236,Jennifer Johnson,19.0,Finance,Intern,Remote,197844.0,30.0,5.0,0.0,1.0,1.0,Male
E10237,Wesley Schmitt,21.0,Sales,Senior,London,75506.0,16.0,4.0,0.0,1.0,1.0,Male
E10238,Jason Branch,41.0,Marketing,C-level,London,33085.0,16.0,5.0,1.0,0.0,0.0,Male
E10239,Felicia Moses,22.0,Operations,Intern,New York,269454.0,16.0,5.0,0.0,1.0,1.0,Male
E10240,Jason Keller,20.0,IT,Manager,Berlin,111444.0,15.0,1.0,1.0,0.0,0.0,Female
E10241,James Davis,28.0,HR,Junior,London,70954.0,4.0,3.0,0.0,0.0,0.0,Female
E10242,Paul Prince,50.0,Legal,VP,Remote,56770.0,14.0,4.0,1.0,0.0,1.0,Male
E10243,Jonathan Butler,42.0,Operations,Junior,Remote,44820.0,18.0,4.0,0.0,0.0,0.0,Male
E10244,Barbara Johnson,40.0,Legal,Manager,Berlin,109371.0,1.0,2.0,0.0,1.0,0.0,Non-binary
E10245,David Petty,36.0,Marketing,Manager,Remote,26418.0,4.0,4.0,0.0,0.0,0.0,Male
E10246,Elizabeth Thompson,51.0,HR,Manager,San Francisco,86592.0,13.0,3.0,0.0,0.0,0.0,Male
E10247,Amy Church,26.0,R&D,Junior,San Francisco,18168.0,0.0,4.0,0.0,0.0,1.0,Male
E10248,Hannah Patel,36.0,Admin,Junior,San Francisco,98535.0,24.0,5.0,1.0,0.0,0.0,Male
E10249,David Moreno,26.0,Legal,Director,New York,37005.0,31.0,3.0,0.0,0.0,1.0,Male
E10250,Lisa Dickerson,18.0,R&D,Mid,Remote,54783.0,29.0,1.0,0.0,0.0,1.0,Female
E10251,Joshua Stafford,42.0,Legal,Mid,San Francisco,44570.0,26.0,1.0,1.0,1.0,0.0,Non-binary
E10252,Mary Hernandez,46.0,Finance,Intern,San Francisco,291422.0,0.0,5.0,1.0,0.0,1.0,Male
E10253,Jeffrey Austin,25.0,Operations,Senior,Berlin,69014.0,11.0,4.0,0.0,0.0,0.0,Male
E10254,Robert Rice,63.0,Sales,Intern,Tokyo,191809.0,5.0,4.0,1.0,1.0,1.0,Male
E10255,Jocelyn Evans,25.0,Marketing,Mid,Remote,37540.0,5.0,2.0,1.0,0.0,1.0,Female
E10256,David Hodges,22.0,Operations,Mid,Remote,76103.0,21.0,3.0,0.0,1.0,1.0,Male
E10257,Jasmine Rodriguez,43.0,R&D,C-level,London,36054.0,16.0,5.0,0.0,1.0,0.0,Male
E10258,Christopher Allen,50.0,Finance,VP,New York,37137.0,4.0,5.0,0.0,0.0,0.0,Male
E10259,Tanya Wilson,36.0,Operations,Mid,Berlin,83490.0,8.0,4.0,0.0,0.0,1.0,Male
E10260,Richard Hernandez,43.0,Operations,Director,Tokyo,74953.0,20.0,4.0,1.0,0.0,0.0,Male
E10261,Patrick Reynolds,26.0,HR,VP,Tokyo,72266.0,5.0,4.0,0.0,0.0,0.0,Male
E10262,Yvonne Garcia,39.0,IT,VP,Tokyo,21773.0,22.0,3.0,1.0,1.0,0.0,Female
E10263,Christopher Long,41.0,Finance,Lead,Tokyo,90164.0,2.0,4.0,0.0,0.0,1.0,Male
E10264,Jason Reeves,60.0,Finance,Intern,Tokyo,248125.0,31.0,5.0,1.0,1.0,1.0,Male
E10265,Jennifer Smith,32.0,R&D,Director,San Francisco,33588.0,33.0,3.0,0.0,1.0,1.0,Male
E10266,Kendra Clark,44.0,Finance,Manager,Tokyo,55561.0,18.0,3.0,0.0,0.0,1.0,Female
E10267,Dawn Lowe,26.0,Operations,VP,Remote,48199.0,28.0,3.0,1.0,0.0,1.0,Male
E10268,Julie Phillips,57.0,Admin,Intern,London,163206.0,6.0,1.0,0.0,0.0,1.0,Female
E10269,Andre Franklin,46.0,Finance,Director,New York,51857.0,9.0,3.0,0.0,0.0,0.0,Male
E10270,Mike Fitzgerald,45.0,Legal,Junior,New York,30011.0,3.0,3.0,1.0,0.0,1.0,Male
E10271,Christopher Miller,26.0,Operations,Senior,Bangalore,84521.0,6.0,4.0,0.0,1.0,1.0,Male
E10272,Monica Crawford,51.0,Admin,Lead,Berlin,139633.0,5.0,1.0,1.0,0.0,0.0,Female
E10273,John Solis,39.0,HR,Senior,Bangalore,91404.0,5.0,5.0,1.0,0.0,0.0,Male
E10274,John Christensen,27.0,Sales,Senior,New York,34895.0,25.0,3.0,0.0,1.0,0.0,Male
E10275,Erica Taylor,47.0,Finance,VP,Bangalore,46930.0,21.0,3.0,0.0,0.0,0.0,Male
E10276,Terri Martinez,19.0,IT,Intern,New York,197320.0,1.0,5.0,0.0,0.0,0.0,Male
E10277,Amanda Reyes,22.0,Marketing,Manager,New York,52019.0,7.0,2.0,0.0,0.0,1.0,Female
E10278,Thomas Jenkins,26.0,Finance,Lead,London,55544.0,27.0,3.0,0.0,1.0,0.0,Male
E10279,Michael Maynard,52.0,Sales,C-level,Remote,10814.0,6.0,1.0,0.0,0.0,1.0,Female
E10280,James Thomas,21.0,Sales,Senior,Remote,65706.0,38.0,1.0,1.0,0.0,1.0,Female
E10281,Adriana Rodriguez,27.0,Sales,Director,Remote,59432.0,4.0,1.0,1.0,0.0,0.0,Female
E10282,Stephen Cruz,27.0,HR,Lead,New York,11539.0,37.0,3.0,1.0,0.0,0.0,Female
E10283,Dustin Phillips,59.0,Marketing,Intern,San Francisco,163050.0,24.0,4.0,0.0,0.0,1.0,Male
E10284,Brian Gomez,29.0,R&D,Manager,Remote,34065.0,18.0,1.0,1.0,1.0,1.0,Female
E10285,Scott May,45.0,Admin,VP,Remote,111897.0,35.0,1.0,1.0,0.0,0.0,Female
E10286,Amy Lucas,21.0,Sales,Lead,Remote,37867.0,10.0,3.0,0.0,1.0,0.0,Male
E10287,Cory Drake,59.0,Legal,Intern,Remote,156260.0,27.0,1.0,1.0,1.0,1.0,Female
E10288,Jacqueline Scott,50.0,Marketing,Lead,Remote,22835.0,34.0,1.0,1.0,1.0,0.0,Female
E10289,Aaron Thomas,59.0,IT,Intern,Tokyo,151500.0,20.0,3.0,1.0,0.0,1.0,Male
E10290,Kevin Lucas,30.0,Legal,Lead,New York,17862.0,24.0,2.0,1.0,1.0,1.0,Female
E10291,Mark Clark,59.0,HR,Intern,San Francisco,181587.0,3.0,4.0,0.0,0.0,1.0,Male
E10292,Vanessa Hall,52.0,Sales,Junior,London,48593.0,26.0,1.0,1.0,0.0,1.0,Female
E10293,Nicholas Lowe DDS,53.0,Admin,Intern,Bangalore,305659.0,10.0,2.0,1.0,1.0,0.0,Female
E10294,James Grant,26.0,IT,Lead,Tokyo,89960.0,25.0,5.0,1.0,0.0,0.0,Male
E10295,Nathan Griffin,33.0,Admin,Junior,Remote,162164.0,5.0,3.0,1.0,0.0,1.0,Non-binary
E10296,Matthew Perry,55.0,Operations,VP,San Francisco,73935.0,36.0,3.0,0.0,0.0,1.0,Male
E10297,Brittany Becker,27.0,Operations,Mid,Berlin,102269.0,24.0,4.0,1.0,1.0,0.0,Male
E10298,Michael Cobb Jr.,58.0,HR,Intern,Tokyo,168966.0,12.0,3.0,0.0,0.0,1.0,Female
E10299,Erica Gomez,51.0,Legal,Lead,San Francisco,46089.0,10.0,1.0,0.0,0.0,0.0,Female
E10300,Julie Young,51.0,IT,Senior,London,95510.0,34.0,3.0,1.0,0.0,1.0,Male
E10301,Michael Salas,63.0,Finance,Intern,London,141266.0,22.0,2.0,1.0,0.0,0.0,Female
E10302,Samuel Price,54.0,R&D,Junior,London,25211.0,4.0,3.0,1.0,0.0,1.0,Male
E10303,Darlene Williams,47.0,R&D,Junior,Berlin,50413.0,9.0,1.0,1.0,0.0,1.0,Female
E10304,Tara Moore,55.0,R&D,C-level,San Francisco,42560.0,15.0,5.0,0.0,1.0,0.0,Male
E10305,Melody Kelly,55.0,Operations,C-level,London,40080.0,29.0,1.0,0.0,0.0,1.0,Female
E10306,Daniel Russo,32.0,IT,Lead,Bangalore,103861.0,22.0,3.0,0.0,0.0,0.0,Female
E10307,Elizabeth Bean,45.0,HR,Manager,Remote,53498.0,5.0,2.0,1.0,0.0,0.0,Female
E10308,Bruce Johnson,37.0,IT,Manager,Remote,70007.0,29.0,2.0,0.0,0.0,0.0,Female
E10309,Stephanie Pham,39.0,Finance,Director,Berlin,69852.0,26.0,4.0,0.0,0.0,1.0,Male
E10310,Mrs. Erin Andrews PhD,30.0,Admin,Lead,Remote,64472.0,30.0,1.0,1.0,0.0,0.0,Female
E10311,Carrie Parker,54.0,Legal,Intern,Berlin,271088.0,18.0,3.0,0.0,0.0,0.0,Female
E10312,Joshua Landry,62.0,Marketing,Intern,Tokyo,217297.0,35.0,2.0,1.0,0.0,0.0,Female
E10313,Mike Montgomery,41.0,HR,Intern,London,184689.0,38.0,1.0,0.0,1.0,1.0,Female
E10314,Margaret Watson,58.0,Admin,Intern,Tokyo,200240.0,15.0,5.0,1.0,0.0,0.0,Male
E10315,Gina Tran,26.0,Operations,Manager,New York,19266.0,23.0,3.0,0.0,0.0,1.0,Female
E10316,Kimberly Baker,59.0,Operations,Intern,Remote,178112.0,23.0,4.0,0.0,1.0,1.0,Non-binary
E10317,Teresa Turner,43.0,R&D,Junior,New York,7596.0,9.0,2.0,0.0,0.0,0.0,Female
E10318,Ellen Anderson,27.0,HR,Lead,Remote,76860.0,10.0,4.0,1.0,0.0,0.0,Male
E10319,Sara Young,56.0,Marketing,Intern,Berlin,164218.0,15.0,1.0,1.0,0.0,0.0,Female
E10320,Lisa Powers,59.0,Admin,Intern,New York,108446.0,11.0,4.0,0.0,1.0,0.0,Male
E10321,Eduardo Carter,46.0,Legal,Senior,Berlin,112037.0,10.0,3.0,0.0,0.0,1.0,Male
E10322,Jesus Barnes,58.0,HR,Intern,London,181255.0,15.0,4.0,0.0,0.0,0.0,Male
E10323,Elizabeth Colon,31.0,Sales,Intern,New York,263660.0,33.0,1.0,1.0,0.0,1.0,Female
E10324,Suzanne Shaw,30.0,HR,Senior,Remote,38511.0,6.0,1.0,0.0,0.0,0.0,Female
E10325,Michael Wilson,29.0,HR,VP,Remote,34619.0,31.0,4.0,0.0,0.0,0.0,Male
E10326,John Lee,31.0,IT,Lead,San Francisco,57272.0,7.0,4.0,1.0,0.0,0.0,Male
E10327,Logan Reed,48.0,IT,Junior,Tokyo,84159.0,35.0,3.0,1.0,0.0,0.0,Male
E10328,Stephanie Clark,51.0,IT,Manager,London,31759.0,0.0,3.0,1.0,0.0,0.0,Female
E10329,Mrs. Samantha Soto,42.0,Marketing,Director,Remote,61576.0,10.0,2.0,0.0,1.0,0.0,Female
E10330,Anthony Frederick,61.0,IT,Intern,London,199805.0,23.0,3.0,0.0,0.0,1.0,Male
E10331,Tina Fisher,38.0,R&D,Manager,Berlin,23244.0,11.0,1.0,0.0,0.0,0.0,Non-binary
E10332,Phillip Benson,32.0,Operations,Director,Bangalore,76963.0,8.0,3.0,1.0,0.0,1.0,Female
E10333,Daniel Pollard,52.0,R&D,Director,Bangalore,82779.0,31.0,1.0,1.0,0.0,0.0,Female
E10334,Samantha Perez,27.0,Admin,Director,San Francisco,120194.0,9.0,3.0,0.0,1.0,1.0,Male
E10335,Alexander Lewis,61.0,HR,Intern,Remote,159753.0,16.0,4.0,1.0,0.0,1.0,Male
E10336,David Foster,60.0,Admin,Intern,New York,153382.0,14.0,3.0,1.0,1.0,1.0,Male
E10337,Melissa Campbell,62.0,R&D,Intern,San Francisco,146946.0,28.0,2.0,1.0,1.0,1.0,Female
E10338,Laura Hughes,20.0,R&D,Intern,New York,247290.0,17.0,3.0,0.0,1.0,1.0,Male
E10339,Noah Russell,36.0,Admin,Manager,London,118011.0,39.0,2.0,0.0,1.0,0.0,Female
E10340,Gabriella Barrett,28.0,Marketing,Junior,San Francisco,84496.0,24.0,5.0,1.0,1.0,1.0,Non-binary
E10341,Thomas Nash Jr.,48.0,R&D,VP,Bangalore,12176.0,24.0,1.0,1.0,0.0,0.0,Female
E10342,Hayley Ali,21.0,R&D,VP,Berlin,63748.0,1.0,3.0,1.0,0.0,0.0,Male
E10343,Joseph Bennett,38.0,Legal,Junior,Tokyo,57708.0,39.0,3.0,1.0,0.0,1.0,Male
E10344,Catherine Short,27.0,IT,Lead,London,37057.0,19.0,4.0,0.0,1.0,0.0,Male
E10345,Michael Reyes,63.0,R&D,Intern,Bangalore,203747.0,32.0,5.0,1.0,0.0,0.0,Male
E10346,Larry Nelson,35.0,R&D,C-level,Remote,33847.0,28.0,3.0,1.0,1.0,0.0,Male
E10347,Nicholas Mitchell,32.0,Sales,Lead,New York,13141.0,21.0,5.0,1.0,0.0,1.0,Male
E10348,Angela Brown,35.0,Sales,Mid,Berlin,82691.0,25.0,5.0,1.0,0.0,1.0,Male
E10349,Sara Sutton,37.0,Marketing,Intern,San Francisco,239170.0,9.0,3.0,1.0,1.0,0.0,Male
E10350,Carlos Davis,38.0,Sales,Manager,Remote,79289.0,1.0,3.0,1.0,1.0,0.0,Male
E10351,Sara Davis,46.0,Marketing,Lead,New York,20253.0,12.0,3.0,1.0,1.0,0.0,Female
E10352,Thomas Brown,44.0,Legal,Mid,Berlin,111043.0,0.0,3.0,0.0,0.0,1.0,Female
E10353,Haley Smith,56.0,Marketing,Intern,Remote,187880.0,34.0,3.0,0.0,0.0,0.0,Male
E10354,Stephanie Diaz,48.0,Admin,C-level,Bangalore,40834.0,12.0,3.0,1.0,0.0,1.0,Female
E10355,Sandra Hall,37.0,Admin,Senior,San Francisco,155324.0,14.0,2.0,0.0,1.0,0.0,Female
E10356,Bethany Wallace,24.0,Finance,Junior,Tokyo,76662.0,2.0,3.0,1.0,0.0,1.0,Male
E10357,Chelsea Hancock,42.0,IT,VP,Tokyo,105749.0,27.0,5.0,0.0,0.0,0.0,Male
E10358,Sonya Cox,42.0,Legal,C-level,Bangalore,9403.0,27.0,3.0,1.0,0.0,1.0,Female
E10359,Jeffrey Rice,41.0,IT,Director,Berlin,122935.0,26.0,3.0,0.0,0.0,0.0,Female
E10360,Tyler Pollard,19.0,Legal,VP,San Francisco,80132.0,35.0,2.0,1.0,0.0,1.0,Female
E10361,Bobby Caldwell,58.0,Legal,Intern,Bangalore,159789.0,20.0,3.0,1.0,0.0,0.0,Female
E10362,Christine Fletcher,54.0,HR,C-level,San Francisco,50133.0,21.0,5.0,1.0,0.0,0.0,Male
E10363,Christy Taylor,18.0,Finance,Intern,Remote,270214.0,38.0,4.0,0.0,1.0,0.0,Male
E10364,Allison Gomez,52.0,IT,Junior,Remote,100248.0,18.0,5.0,1.0,0.0,1.0,Male
E10365,Hunter Johnson,33.0,Sales,Senior,Berlin,62694.0,30.0,3.0,1.0,1.0,0.0,Female
E10366,Johnathan Parks,62.0,Operations,Intern,New York,160115.0,28.0,3.0,1.0,0.0,1.0,Male
E10367,Melinda Miller,31.0,IT,Lead,London,45471.0,11.0,1.0,0.0,1.0,0.0,Female
E10368,Gina Jefferson,58.0,Legal,Intern,London,159124.0,29.0,3.0,0.0,0.0,0.0,Male
E10369,Adam Lopez,27.0,Sales,Junior,Bangalore,83104.0,14.0,3.0,0.0,0.0,1.0,Female
E10370,Kevin Callahan,44.0,HR,Director,London,23139.0,1.0,1.0,0.0,1.0,0.0,Female
E10371,Matthew Fields,63.0,Finance,Intern,Bangalore,137689.0,1.0,1.0,0.0,0.0,1.0,Female
E10372,Nathan Mills,57.0,Operations,Intern,Berlin,197648.0,27.0,1.0,0.0,0.0,0.0,Female
E10373,Erica Howard,40.0,Operations,Lead,Remote,72937.0,0.0,5.0,1.0,0.0,1.0,Male
E10374,Brian Brown,47.0,IT,VP,London,40333.0,4.0,3.0,0.0,1.0,0.0,Male
E10375,Jeff Castillo,39.0,Sales,Lead,San Francisco,7781.0,13.0,3.0,0.0,0.0,1.0,Female
E10376,Kevin Mcdowell,57.0,IT,Intern,Berlin,246344.0,13.0,1.0,1.0,0.0,0.0,Female
E10377,Deanna Miller,27.0,IT,Junior,New York,49215.0,4.0,5.0,0.0,0.0,0.0,Male
E10378,Kristie Patel,19.0,R&D,Lead,Berlin,83490.0,24.0,5.0,1.0,0.0,1.0,Male
E10379,April Alexander,23.0,Admin,Lead,London,103313.0,39.0,4.0,1.0,0.0,1.0,Male
E10380,Robin Carter,34.0,R&D,Director,Remote,47794.0,13.0,4.0,0.0,0.0,1.0,Male
E10381,James Mckay,23.0,Sales,Manager,New York,74787.0,33.0,3.0,0.0,0.0,0.0,Female
E10382,Gloria Sutton,48.0,Operations,Manager,San Francisco,26166.0,7.0,1.0,0.0,1.0,1.0,Female
E10383,Sandra Young,30.0,R&D,Senior,Bangalore,29042.0,13.0,4.0,0.0,0.0,1.0,Male
E10384,Mark Jennings,30.0,HR,Mid,Remote,9285.0,29.0,2.0,0.0,1.0,1.0,Female
E10385,Julie Wilson,59.0,Sales,Intern,San Francisco,227760.0,22.0,2.0,0.0,0.0,0.0,Female
E10386,Jason Underwood,20.0,Legal,Lead,Berlin,52316.0,8.0,3.0,0.0,0.0,1.0,Female
E10387,Thomas Barnett,18.0,Legal,Senior,Berlin,77238.0,6.0,3.0,0.0,0.0,1.0,Male
E10388,Robert Cameron,21.0,Admin,Intern,Berlin,373755.0,24.0,4.0,0.0,1.0,1.0,Male
E10389,Kenneth Miller,41.0,Finance,Director,San Francisco,66144.0,38.0,5.0,0.0,0.0,1.0,Male
E10390,Ashley Martinez,51.0,Admin,Mid,London,108033.0,3.0,5.0,0.0,0.0,0.0,Male
E10391,Monica Leon,22.0,HR,Lead,London,53508.0,12.0,3.0,0.0,0.0,0.0,Male
E10392,Melissa Burnett MD,59.0,IT,Intern,New York,150115.0,32.0,3.0,1.0,1.0,0.0,Male
E10393,Allison Maldonado,31.0,Sales,Senior,Remote,74955.0,28.0,5.0,1.0,0.0,1.0,Male
E10394,Sara Adams,56.0,Operations,Intern,Remote,226618.0,32.0,5.0,1.0,1.0,0.0,Male
E10395,Eric Huerta,44.0,Operations,Senior,Tokyo,76966.0,37.0,3.0,0.0,1.0,1.0,Male
E10396,Alicia Wiley,46.0,Operations,Mid,San Francisco,41951.0,10.0,1.0,1.0,1.0,1.0,Female
E10397,Thomas Johnson,50.0,Marketing,Junior,New York,35340.0,19.0,2.0,0.0,0.0,0.0,Female
E10398,Alvin Smith,21.0,R&D,C-level,San Francisco,95290.0,19.0,3.0,0.0,1.0,0.0,Male
E10399,Krystal Collins,64.0,R&D,Intern,Bangalore,195912.0,20.0,1.0,0.0,0.0,0.0,Female
E10400,Danny Lowery,60.0,Operations,Intern,New York,228989.0,19.0,2.0,0.0,1.0,0.0,Female
E10401,Stephanie Mcneil,57.0,Marketing,Intern,Bangalore,141066.0,3.0,4.0,1.0,0.0,1.0,Male
E10402,Matthew Cole,49.0,Operations,Junior,Berlin,68092.0,33.0,4.0,1.0,1.0,1.0,Male
E10403,Kyle Love,47.0,HR,Mid,Berlin,100561.0,2.0,4.0,1.0,0.0,0.0,Male
E10404,Eric Andrews,49.0,Admin,Junior,Berlin,189425.0,31.0,5.0,0.0,0.0,0.0,Male
E10405,Gregory Martinez,42.0,Operations,Mid,London,70551.0,32.0,5.0,1.0,1.0,1.0,Male
E10406,Brian Jenkins,51.0,Admin,Manager,Bangalore,160545.0,33.0,5.0,0.0,0.0,0.0,Male
E10407,Sonya Smith,48.0,Marketing,Senior,Berlin,69788.0,3.0,3.0,1.0,1.0,0.0,Male
E10408,Colin Galvan,29.0,Marketing,Manager,Tokyo,90469.0,35.0,3.0,1.0,0.0,1.0,Male
E10409,Andrea Kelly,60.0,HR,Intern,New York,207610.0,39.0,5.0,1.0,0.0,1.0,Male
E10410,Matthew Stewart,32.0,HR,Junior,Remote,50451.0,12.0,2.0,1.0,1.0,0.0,Female
E10411,Melissa Grimes,45.0,Sales,Lead,Remote,45866.0,24.0,2.0,0.0,0.0,1.0,Other
E10412,David Oconnor,43.0,Legal,Junior,Tokyo,90962.0,4.0,5.0,0.0,0.0,1.0,Male
E10413,David Guerrero,18.0,IT,Senior,Bangalore,108966.0,17.0,4.0,0.0,0.0,0.0,Male
E10414,Michael Brown,47.0,Admin,Senior,Bangalore,120429.0,31.0,1.0,0.0,0.0,1.0,Other
E10415,Jerome Shaffer,52.0,Admin,Director,Berlin,134215.0,36.0,3.0,0.0,1.0,0.0,Female
E10416,Colleen Norton,49.0,Sales,Lead,San Francisco,79427.0,21.0,3.0,0.0,1.0,1.0,Female
E10417,Elizabeth Reynolds,50.0,Marketing,Director,Bangalore,89905.0,18.0,5.0,0.0,1.0,1.0,Male
E10418,John Salas,56.0,Finance,Intern,New York,234973.0,12.0,4.0,1.0,0.0,0.0,Male
E10419,Miranda Johnson,50.0,Operations,Lead,Berlin,61198.0,27.0,5.0,1.0,0.0,1.0,Male
E10420,Joseph Frank,38.0,Legal,Junior,Remote,103784.0,33.0,2.0,0.0,0.0,1.0,Female
E10421,Holly Ford,31.0,HR,Junior,Tokyo,65807.0,19.0,5.0,1.0,0.0,0.0,Male
E10422,Michele Bradley,52.0,Admin,Senior,Berlin,136857.0,39.0,2.0,1.0,1.0,0.0,Female
E10423,Shawna Tate,50.0,Finance,Intern,Remote,228020.0,12.0,5.0,0.0,1.0,0.0,Male
E10424,Jennifer Bush,54.0,Marketing,VP,Bangalore,47507.0,31.0,3.0,1.0,0.0,1.0,Male
E10425,Amanda Kaufman,25.0,Sales,Intern,Bangalore,306277.0,33.0,5.0,1.0,0.0,1.0,Male
E10426,Stanley Harris,60.0,Marketing,Intern,New York,119877.0,22.0,1.0,0.0,0.0,0.0,Female
E10427,Anthony Johnson,40.0,Operations,Junior,San Francisco,11655.0,6.0,3.0,1.0,0.0,1.0,Male
E10428,Joseph Whitehead,27.0,Operations,Junior,Berlin,88847.0,3.0,4.0,1.0,1.0,0.0,Male
E10429,Yvonne Diaz,61.0,Marketing,Intern,Bangalore,169088.0,3.0,4.0,1.0,0.0,0.0,Male
E10430,Brittany Williams,40.0,Legal,Director,New York,67489.0,2.0,4.0,1.0,1.0,0.0,Male
E10431,Barbara Alvarez,28.0,R&D,VP,Bangalore,69148.0,14.0,3.0,0.0,0.0,0.0,Female
E10432,Karen King,43.0,Admin,Senior,Berlin,116126.0,32.0,3.0,0.0,0.0,1.0,Male
E10433,Clinton Diaz,32.0,Legal,Intern,San Francisco,320783.0,10.0,2.0,0.0,0.0,1.0,Other
E10434,Timothy Frederick,48.0,Sales,Senior,Remote,44912.0,3.0,4.0,1.0,1.0,0.0,Male
E10435,Matthew Jennings,54.0,Sales,Mid,San Francisco,9700.0,5.0,3.0,1.0,0.0,0.0,Male
E10436,Katherine Solomon,41.0,Legal,Director,Berlin,96330.0,22.0,3.0,1.0,0.0,1.0,Male
E10437,Alyssa Myers,19.0,Finance,Senior,London,36222.0,18.0,3.0,1.0,0.0,1.0,Male
E10438,Bianca Zuniga,39.0,Marketing,Mid,London,69888.0,16.0,3.0,1.0,0.0,0.0,Male
E10439,Kerri Jones,34.0,HR,C-level,New York,29010.0,15.0,5.0,0.0,0.0,0.0,Male
E10440,Ashley Wilson,25.0,R&D,Manager,London,812.0,30.0,1.0,0.0,0.0,1.0,Female
E10441,Kevin Fisher,26.0,Admin,Intern,San Francisco,337329.0,3.0,4.0,1.0,0.0,0.0,Male
E10442,Rebecca Stephens,52.0,Sales,C-level,Tokyo,13899.0,15.0,3.0,0.0,1.0,1.0,Male
E10443,Zachary Lewis,47.0,R&D,Manager,Berlin,76169.0,28.0,4.0,1.0,0.0,0.0,Male
E10444,Rodney Cox,55.0,Sales,Intern,Tokyo,198806.0,24.0,5.0,1.0,1.0,1.0,Male
E10445,Lisa Williams,57.0,Legal,Intern,London,122961.0,13.0,4.0,1.0,1.0,1.0,Male
E10446,Matthew Pearson,52.0,Legal,Director,New York,44222.0,2.0,4.0,0.0,1.0,0.0,Male
E10447,Ian Parks,29.0,Marketing,Junior,London,78194.0,6.0,3.0,1.0,0.0,0.0,Female
E10448,Aaron Sanchez,56.0,Legal,Intern,Remote,205125.0,16.0,4.0,0.0,1.0,1.0,Male
E10449,Johnny Foster,60.0,Admin,Intern,Tokyo,257526.0,32.0,4.0,0.0,0.0,0.0,Male
E10450,Samantha Lawrence,47.0,Legal,Senior,Remote,88158.0,39.0,4.0,0.0,0.0,0.0,Male
E10451,Amber Sims,19.0,Sales,C-level,Remote,2849.0,31.0,5.0,0.0,0.0,1.0,Male
E10452,Dustin Ferguson,43.0,Sales,Senior,Tokyo,64347.0,4.0,3.0,1.0,1.0,1.0,Female
E10453,April Davis,59.0,Sales,Intern,New York,230453.0,3.0,3.0,0.0,1.0,0.0,Male
E10454,Wanda King,41.0,Marketing,Intern,San Francisco,297929.0,10.0,5.0,0.0,0.0,0.0,Male
E10455,Lisa Potter,35.0,Sales,C-level,Remote,1448.0,8.0,5.0,0.0,0.0,0.0,Male
E10456,Heather Nguyen,61.0,IT,Intern,Remote,179472.0,21.0,3.0,0.0,0.0,0.0,Male
E10457,Francis Herrera,35.0,Admin,C-level,Berlin,47783.0,39.0,5.0,1.0,1.0,0.0,Male
E10458,Desiree Scott,22.0,Finance,Lead,San Francisco,51556.0,20.0,3.0,1.0,0.0,0.0,Male
E10459,Sharon Brewer,24.0,Marketing,Intern,Remote,274594.0,4.0,3.0,1.0,0.0,0.0,Female
E10460,Cody Manning,41.0,HR,C-level,Berlin,21763.0,13.0,3.0,1.0,0.0,0.0,Female
E10461,Meredith Quinn,34.0,Admin,C-level,Tokyo,57174.0,20.0,1.0,1.0,0.0,1.0,Non-binary
E10462,Aaron White,61.0,HR,Intern,Berlin,194785.0,23.0,5.0,1.0,0.0,0.0,Male
E10463,Tiffany Larson,23.0,Admin,Intern,Bangalore,318269.0,3.0,5.0,0.0,0.0,1.0,Male
E10464,Beverly Spencer,27.0,Finance,C-level,New York,73530.0,5.0,2.0,0.0,0.0,0.0,Female
E10465,Corey Young,31.0,Sales,Director,Berlin,108566.0,20.0,1.0,1.0,0.0,1.0,Other
E10466,Ebony Fletcher,36.0,R&D,Director,Bangalore,67020.0,7.0,3.0,0.0,1.0,0.0,Female
E10467,Kevin Cox,50.0,Legal,Senior,Remote,54065.0,17.0,2.0,1.0,0.0,0.0,Female
E10468,Cynthia Hernandez,24.0,Admin,Mid,London,87160.0,4.0,3.0,0.0,0.0,1.0,Male
E10469,Lori Beltran,37.0,Sales,Lead,London,42774.0,16.0,5.0,0.0,0.0,0.0,Male
E10470,Patrick Robinson,36.0,Operations,VP,Berlin,102602.0,5.0,2.0,0.0,1.0,1.0,Female
E10471,David Aguilar,38.0,Marketing,Junior,New York,49074.0,36.0,1.0,1.0,0.0,0.0,Female
E10472,Mrs. Diana Salinas,55.0,R&D,Senior,Remote,380.0,14.0,4.0,1.0,0.0,0.0,Male
E10473,Jason Robinson,43.0,Sales,Senior,Bangalore,87165.0,30.0,3.0,1.0,0.0,0.0,Female
E10474,Brittany Good,60.0,Finance,Intern,London,130950.0,10.0,1.0,1.0,0.0,1.0,Female
E10475,Jesse Mayer,30.0,R&D,Senior,London,31341.0,26.0,3.0,1.0,0.0,0.0,Female
E10476,Jose Atkinson,30.0,Legal,Mid,New York,46328.0,18.0,3.0,1.0,0.0,0.0,Male
E10477,Joseph Vega,40.0,R&D,VP,Bangalore,54850.0,38.0,3.0,1.0,0.0,0.0,Male
E10478,Benjamin Ponce,36.0,Finance,Manager,London,28560.0,38.0,5.0,0.0,0.0,1.0,Male
E10479,Patrick Poole,46.0,HR,Mid,Bangalore,116859.0,18.0,2.0,1.0,1.0,0.0,Female
E10480,Kelsey Alvarez,27.0,Sales,Lead,London,79548.0,5.0,5.0,0.0,0.0,1.0,Male
E10481,Randy Heath,39.0,IT,Mid,San Francisco,63874.0,14.0,1.0,0.0,0.0,0.0,Female
E10482,Blake Morales,29.0,R&D,C-level,Remote,38986.0,2.0,5.0,1.0,1.0,0.0,Male
E10483,Carrie Crawford,18.0,Operations,VP,Berlin,87906.0,9.0,2.0,0.0,0.0,1.0,Female
E10484,Christian Johnson,32.0,R&D,C-level,Tokyo,6248.0,20.0,1.0,1.0,1.0,1.0,Female
E10485,Charles Navarro,64.0,HR,Intern,New York,117943.0,39.0,4.0,0.0,1.0,1.0,Male
E10486,Melissa Ramirez,46.0,R&D,VP,Tokyo,40206.0,2.0,5.0,0.0,1.0,0.0,Male
E10487,Willie Benson,36.0,Marketing,Intern,San Francisco,207978.0,4.0,2.0,0.0,0.0,1.0,Female
E10488,Laura Hurst,49.0,Marketing,Junior,San Francisco,74808.0,3.0,3.0,0.0,1.0,0.0,Female
E10489,Michael Wilson,27.0,Finance,Intern,San Francisco,200779.0,28.0,3.0,0.0,1.0,1.0,Male
E10490,Joshua Cooper,44.0,Marketing,C-level,Bangalore,8554.0,0.0,4.0,1.0,0.0,0.0,Male
E10491,Elaine Kelly,32.0,Finance,VP,London,46820.0,4.0,3.0,0.0,1.0,1.0,Male
E10492,Adam Meza,46.0,Admin,VP,Tokyo,113934.0,28.0,5.0,0.0,0.0,0.0,Male
E10493,Jose Wright,64.0,HR,Intern,London,174982.0,18.0,3.0,1.0,1.0,0.0,Female
E10494,Michael Humphrey,60.0,R&D,Intern,London,149398.0,15.0,3.0,1.0,0.0,0.0,Female
E10495,Michael Harris,34.0,IT,Lead,Bangalore,80606.0,14.0,1.0,1.0,1.0,0.0,Female
E10496,Christopher Wright,63.0,IT,Intern,Berlin,200868.0,27.0,3.0,0.0,0.0,1.0,Male
E10497,Marcus Young,64.0,Legal,Intern,London,81452.0,8.0,2.0,0.0,0.0,0.0,Female
E10498,Kevin Salazar,58.0,R&D,Intern,Tokyo,163509.0,1.0,5.0,0.0,1.0,1.0,Male
E10499,Brittany Mccoy,53.0,Sales,Mid,Tokyo,79687.0,1.0,2.0,1.0,0.0,1.0,Female
E10500,Tina Jones,32.0,Sales,VP,Tokyo,103508.0,26.0,3.0,0.0,1.0,0.0,Female
E10501,Shane Smith,35.0,Legal,Junior,Remote,60351.0,34.0,5.0,1.0,0.0,0.0,Male
E10502,Michael Clark,42.0,Finance,Manager,London,17456.0,5.0,4.0,0.0,1.0,1.0,Male
E10503,Thomas Thomas,22.0,R&D,Senior,Tokyo,37147.0,39.0,5.0,0.0,0.0,1.0,Male
E10504,Richard Rodriguez,38.0,Marketing,Senior,Berlin,85686.0,19.0,3.0,0.0,0.0,0.0,Male
E10505,Jennifer Johnson,31.0,Marketing,Manager,Bangalore,81518.0,29.0,1.0,0.0,0.0,1.0,Female
E10506,John Washington,59.0,Operations,Intern,Bangalore,223862.0,34.0,4.0,1.0,0.0,1.0,Male
E10507,Wendy Kim,52.0,Finance,VP,Remote,54753.0,0.0,1.0,0.0,0.0,0.0,Other
E10508,Andrea Henry,27.0,Finance,Junior,Berlin,52939.0,9.0,2.0,1.0,0.0,0.0,Female
E10509,Rhonda Flores,46.0,Sales,Lead,Berlin,75927.0,24.0,5.0,0.0,0.0,0.0,Male
E10510,Jared Gray,58.0,Operations,Intern,New York,162691.0,32.0,5.0,0.0,0.0,1.0,Male
E10511,Mike Kelly,48.0,R&D,Director,Berlin,66853.0,33.0,3.0,0.0,0.0,1.0,Female
E10512,Molly Huff,30.0,IT,VP,New York,52301.0,34.0,3.0,0.0,0.0,0.0,Female
E10513,Logan Deleon,34.0,Finance,Intern,San Francisco,179936.0,5.0,4.0,1.0,0.0,0.0,Male
E10514,Jason Jennings,61.0,HR,Intern,Remote,147543.0,17.0,1.0,1.0,0.0,1.0,Female
E10515,Jennifer Richmond,58.0,R&D,Intern,Bangalore,200403.0,31.0,2.0,0.0,1.0,0.0,Female
E10516,Thomas Holloway,59.0,R&D,Intern,Tokyo,125905.0,4.0,3.0,0.0,0.0,1.0,Male
E10517,Jo Mcbride,34.0,Marketing,Junior,Remote,96834.0,6.0,3.0,1.0,1.0,1.0,Female
E10518,Joseph Saunders,63.0,Legal,Intern,San Francisco,123076.0,5.0,1.0,1.0,1.0,1.0,Female
E10519,Crystal Mayer,31.0,R&D,Director,Berlin,62716.0,8.0,5.0,1.0,1.0,0.0,Male
E10520,Lisa Garcia,49.0,Legal,C-level,Bangalore,9552.0,10.0,3.0,0.0,1.0,0.0,Male
E10521,Shelby Velazquez,56.0,Marketing,Intern,Tokyo,107169.0,12.0,2.0,1.0,0.0,0.0,Female
E10522,Jared Tran,24.0,R&D,Director,Remote,23809.0,17.0,4.0,0.0,0.0,0.0,Male
E10523,Kristin Osborn,43.0,IT,Senior,San Francisco,37456.0,30.0,3.0,0.0,0.0,0.0,Male
E10524,Jacqueline Sanders,34.0,Finance,Mid,San Francisco,60867.0,2.0,3.0,0.0,1.0,0.0,Female
E10525,Cynthia Foster,57.0,Finance,Intern,London,296789.0,32.0,2.0,1.0,1.0,1.0,Female
E10526,John West,58.0,Marketing,Intern,Remote,219435.0,34.0,4.0,0.0,1.0,0.0,Male
E10527,Daniel Miller,31.0,R&D,Senior,Remote,30787.0,3.0,5.0,0.0,0.0,1.0,Male
E10528,Lori Zavala,23.0,Legal,Mid,London,46876.0,29.0,2.0,1.0,0.0,0.0,Female
E10529,Terri Morrison,36.0,Finance,Senior,London,63819.0,1.0,3.0,1.0,0.0,0.0,Male
E10530,Jim Wilson,49.0,Admin,C-level,Tokyo,76360.0,25.0,3.0,1.0,0.0,0.0,Female
E10531,Thomas Miller,32.0,Admin,Senior,Bangalore,129912.0,16.0,4.0,1.0,0.0,1.0,Male
E10532,Marcus Abbott,33.0,Operations,Mid,New York,8610.0,28.0,1.0,0.0,1.0,0.0,Female
E10533,Amy Parker,50.0,IT,Director,London,69057.0,7.0,5.0,0.0,1.0,1.0,Male
E10534,Mary Kim,64.0,Finance,Intern,London,160077.0,17.0,2.0,0.0,1.0,1.0,Female
E10535,Diana Bell,22.0,HR,Lead,Tokyo,58977.0,34.0,5.0,1.0,0.0,0.0,Male
E10536,Charles Miller,64.0,Legal,Intern,New York,163844.0,27.0,1.0,1.0,0.0,0.0,Female
E10537,Gregory Clark,36.0,IT,Manager,Bangalore,85401.0,12.0,5.0,0.0,1.0,0.0,Male
E10538,Kayla Thomas,64.0,Finance,Intern,Tokyo,153729.0,15.0,5.0,1.0,0.0,1.0,Male
E10539,Michael Fisher,46.0,IT,C-level,Remote,135.0,6.0,1.0,1.0,0.0,0.0,Female
E10540,Stephen Villa,32.0,IT,Senior,San Francisco,69247.0,14.0,3.0,0.0,0.0,0.0,Male
E10541,Nicholas Orr,41.0,HR,Mid,Bangalore,56220.0,19.0,3.0,0.0,0.0,1.0,Male
E10542,Erica Simmons,63.0,Sales,Intern,New York,115284.0,20.0,5.0,0.0,0.0,1.0,Male
E10543,Edward Henson,59.0,Operations,Intern,Tokyo,178533.0,18.0,3.0,0.0,1.0,1.0,Male
E10544,Peter Kennedy,50.0,IT,Director,Tokyo,90922.0,12.0,5.0,1.0,1.0,0.0,Male
E10545,Patricia Church,41.0,R&D,Lead,Remote,23332.0,8.0,5.0,1.0,0.0,0.0,Male
E10546,Angela Vance,61.0,HR,Intern,Berlin,163360.0,2.0,3.0,1.0,0.0,0.0,Male
E10547,Erica Merritt,57.0,Operations,Intern,Berlin,138345.0,10.0,4.0,1.0,0.0,1.0,Male
E10548,Christian Goodwin,44.0,Sales,VP,Tokyo,78290.0,31.0,3.0,1.0,0.0,1.0,Male
E10549,Jenny White,45.0,HR,Intern,Bangalore,281862.0,24.0,4.0,0.0,1.0,1.0,Male
E10550,Susan Carlson,62.0,Sales,Intern,London,185727.0,6.0,3.0,0.0,1.0,0.0,Female
E10551,Tyler Hurst,24.0,R&D,VP,Bangalore,52273.0,24.0,5.0,0.0,0.0,1.0,Male
E10552,Jorge Hall,36.0,Marketing,VP,San Francisco,79063.0,3.0,3.0,1.0,0.0,1.0,Male
E10553,Scott Davis,58.0,Finance,Intern,Berlin,208589.0,35.0,5.0,0.0,0.0,1.0,Male
E10554,Linda Bailey,36.0,Finance,Junior,Bangalore,60432.0,33.0,2.0,0.0,0.0,0.0,Other
E10555,Maureen Gutierrez,34.0,Admin,Intern,San Francisco,304192.0,36.0,3.0,1.0,0.0,0.0,Female
E10556,Todd Jones,64.0,IT,Intern,Bangalore,242007.0,35.0,2.0,1.0,0.0,0.0,Other
E10557,Douglas Mejia,57.0,Legal,Intern,Remote,137864.0,17.0,5.0,1.0,0.0,0.0,Male
E10558,Victoria Dawson,57.0,Legal,Intern,Tokyo,124223.0,22.0,2.0,0.0,0.0,1.0,Female
E10559,Janice Wilson,18.0,Legal,Lead,Remote,46559.0,17.0,4.0,0.0,0.0,0.0,Male
E10560,Wanda Hawkins,37.0,Finance,Junior,London,38229.0,32.0,4.0,0.0,1.0,0.0,Male
E10561,Charles Stone,52.0,IT,Manager,London,74066.0,7.0,4.0,0.0,0.0,1.0,Male
E10562,Roger Smith,59.0,Sales,Intern,San Francisco,252613.0,17.0,4.0,1.0,1.0,1.0,Male
E10563,Charles Thomas,52.0,Admin,Manager,Tokyo,91132.0,10.0,3.0,1.0,1.0,0.0,Female
E10564,Kelly Mack,41.0,Admin,Senior,Bangalore,129170.0,13.0,3.0,0.0,0.0,0.0,Male
E10565,Mckenzie Gardner,31.0,Legal,VP,London,48713.0,26.0,3.0,1.0,0.0,0.0,Male
E10566,Timothy Santos,52.0,Legal,Senior,London,62075.0,39.0,3.0,0.0,0.0,0.0,Male
E10567,Lucas Davis,36.0,HR,Mid,New York,44235.0,1.0,2.0,1.0,0.0,0.0,Female
E10568,Nancy Harris,47.0,Finance,C-level,New York,24887.0,29.0,5.0,1.0,0.0,1.0,Male
E10569,Edward Parker,36.0,Admin,Mid,Bangalore,129256.0,34.0,5.0,0.0,0.0,0.0,Male
E10570,Lori Melendez,50.0,Operations,Director,San Francisco,16028.0,0.0,4.0,0.0,0.0,0.0,Male
E10571,Patrick Bender,62.0,Operations,Intern,Tokyo,239328.0,28.0,3.0,0.0,0.0,1.0,Male
E10572,Elizabeth Murray,24.0,Sales,Director,Tokyo,56171.0,9.0,5.0,0.0,0.0,1.0,Male
E10573,Nancy Williams,20.0,Sales,Junior,San Francisco,23942.0,2.0,2.0,0.0,0.0,0.0,Female
E10574,Alexander Lewis,63.0,IT,Intern,San Francisco,119148.0,11.0,2.0,0.0,0.0,0.0,Female
E10575,Melissa Reese,41.0,R&D,Mid,Bangalore,36178.0,31.0,5.0,1.0,0.0,1.0,Male
E10576,Elizabeth Kelley,40.0,HR,C-level,London,51938.0,29.0,5.0,1.0,0.0,0.0,Male
E10577,Chelsea Cunningham,59.0,Admin,Intern,New York,293617.0,27.0,4.0,0.0,1.0,1.0,Male
E10578,Gabriel Morrison,40.0,Admin,Manager,London,129512.0,37.0,4.0,0.0,1.0,1.0,Male
E10579,Jacqueline Werner,30.0,R&D,Intern,Berlin,240419.0,36.0,4.0,1.0,1.0,1.0,Male
E10580,Erin Sampson,55.0,Sales,VP,Bangalore,53232.0,28.0,3.0,1.0,0.0,0.0,Female
E10581,Benjamin Ford,53.0,Marketing,Intern,Berlin,320842.0,25.0,2.0,0.0,1.0,1.0,Female
E10582,Tina Jones,37.0,Marketing,Senior,San Francisco,34383.0,38.0,2.0,1.0,1.0,0.0,Female
E10583,Shannon Shelton,27.0,R&D,Director,San Francisco,41149.0,3.0,5.0,0.0,0.0,1.0,Male
E10584,Jennifer Hernandez,27.0,Finance,Senior,Remote,51184.0,9.0,1.0,1.0,0.0,1.0,Female
E10585,Steve Garcia,42.0,Finance,Lead,New York,20736.0,18.0,1.0,0.0,0.0,1.0,Female
E10586,Sarah Wagner,40.0,R&D,Manager,Berlin,79795.0,12.0,4.0,0.0,1.0,1.0,Male
E10587,Steven Barron,37.0,R&D,Junior,San Francisco,35352.0,37.0,5.0,1.0,1.0,0.0,Male
E10588,Roger Holder,60.0,IT,Intern,Remote,177267.0,18.0,2.0,0.0,0.0,0.0,Female
E10589,Gary Nielsen,20.0,HR,Junior,Remote,31590.0,20.0,1.0,0.0,0.0,0.0,Non-binary
E10590,Stephanie Drake,38.0,Operations,Senior,Bangalore,50880.0,21.0,3.0,1.0,1.0,0.0,Female
E10591,Kayla Navarro,40.0,Finance,Junior,London,89509.0,24.0,5.0,1.0,0.0,1.0,Male
E10592,Stephanie Price,56.0,Legal,Intern,Berlin,180039.0,25.0,2.0,1.0,0.0,0.0,Female
E10593,Barbara Nguyen,34.0,Legal,Mid,San Francisco,4865.0,29.0,2.0,0.0,0.0,0.0,Female
E10594,Tyler Cabrera,21.0,Admin,Manager,New York,88633.0,25.0,4.0,1.0,0.0,0.0,Male
E10595,Anthony Morris,37.0,Finance,VP,San Francisco,40143.0,27.0,3.0,0.0,1.0,1.0,Female
E10596,Denise Hamilton,52.0,Marketing,C-level,San Francisco,51429.0,5.0,4.0,1.0,0.0,1.0,Male
E10597,Kathryn Nelson,54.0,R&D,Intern,San Francisco,194385.0,29.0,2.0,1.0,0.0,0.0,Female
E10598,Kenneth Garcia,51.0,Operations,Junior,London,62742.0,39.0,3.0,1.0,0.0,0.0,Female
E10599,Isaac Bell,64.0,Operations,Intern,London,161873.0,25.0,4.0,1.0,0.0,0.0,Male
E10600,Christie Patterson,44.0,HR,Senior,London,40257.0,9.0,4.0,0.0,0.0,0.0,Male
E10601,Richard Smith,42.0,R&D,Junior,San Francisco,15875.0,17.0,4.0,1.0,0.0,1.0,Male
E10602,Michelle Everett,42.0,Marketing,Junior,Remote,62708.0,32.0,2.0,0.0,0.0,1.0,Female
E10603,Lisa Hart,49.0,Admin,VP,Berlin,146483.0,20.0,3.0,1.0,0.0,0.0,Male
E10604,Danielle David,48.0,Legal,Lead,London,33263.0,28.0,4.0,1.0,0.0,1.0,Male
E10605,Barbara Baker,51.0,Operations,Director,Remote,79036.0,33.0,2.0,0.0,0.0,1.0,Female
E10606,Justin Pruitt,45.0,Legal,Mid,Berlin,109750.0,13.0,3.0,0.0,0.0,0.0,Male
E10607,Allison Morgan,40.0,IT,Manager,Bangalore,76144.0,28.0,5.0,0.0,0.0,1.0,Male
E10608,Dr. Steven Fernandez MD,54.0,Admin,Director,London,99124.0,27.0,5.0,0.0,1.0,1.0,Male
E10609,Kayla Smith,53.0,Marketing,Intern,Bangalore,305214.0,27.0,1.0,0.0,0.0,0.0,Female
E10610,Rachel Lopez,49.0,IT,Lead,London,58725.0,23.0,4.0,1.0,1.0,0.0,Male
E10611,Alicia Snyder,52.0,Marketing,Junior,New York,30137.0,15.0,3.0,1.0,1.0,0.0,Male
E10612,Lucas Smith,46.0,IT,Manager,Remote,38827.0,12.0,2.0,0.0,0.0,0.0,Female
E10613,Jessica Smith,60.0,Operations,Intern,London,268671.0,23.0,1.0,0.0,0.0,1.0,Female
E10614,Molly Thompson,64.0,HR,Intern,Berlin,218953.0,18.0,1.0,1.0,1.0,0.0,Female
E10615,Patricia Wright,42.0,Admin,Manager,Berlin,123607.0,9.0,2.0,1.0,0.0,1.0,Female
E10616,Glenn Fitzpatrick,31.0,Marketing,Mid,Tokyo,48936.0,24.0,2.0,1.0,1.0,0.0,Female
E10617,Heather Oliver,57.0,HR,Intern,London,152855.0,29.0,3.0,1.0,0.0,0.0,Male
E10618,Tammy Andrade,18.0,Admin,Director,London,97355.0,21.0,3.0,1.0,1.0,0.0,Male
E10619,Gabrielle Frye,42.0,Marketing,C-level,New York,44629.0,12.0,4.0,0.0,0.0,1.0,Male
E10620,Amanda Brooks,24.0,Sales,Manager,San Francisco,52193.0,26.0,5.0,0.0,0.0,0.0,Male
E10621,John Hernandez,53.0,Sales,Intern,Tokyo,273725.0,28.0,2.0,0.0,0.0,0.0,Female
E10622,Rachael Hunt,39.0,Finance,Mid,Bangalore,33183.0,10.0,4.0,1.0,0.0,1.0,Male
E10623,Thomas Mosley,23.0,Admin,Intern,New York,319151.0,27.0,4.0,0.0,0.0,0.0,Male
E10624,Daniel Lopez,28.0,IT,VP,Berlin,89635.0,38.0,3.0,1.0,1.0,0.0,Female
E10625,Miranda Schaefer,63.0,IT,Intern,Tokyo,250491.0,21.0,4.0,1.0,0.0,1.0,Male
E10626,Sheila Little,50.0,R&D,Lead,Berlin,65621.0,13.0,3.0,0.0,0.0,0.0,Male
E10627,Eric Davidson,22.0,Admin,Senior,Remote,138329.0,33.0,3.0,0.0,0.0,0.0,Female
E10628,James Santana,42.0,HR,C-level,San Francisco,28193.0,7.0,3.0,0.0,0.0,1.0,Male
E10629,Kim Adkins,34.0,IT,Junior,New York,33654.0,33.0,3.0,0.0,0.0,1.0,Female
E10630,Christine Barnes,22.0,IT,C-level,New York,37982.0,39.0,5.0,1.0,1.0,0.0,Male
E10631,Jeffrey Chapman,50.0,IT,Junior,New York,49393.0,38.0,4.0,0.0,0.0,1.0,Male
E10632,Sherri Fowler,52.0,HR,Senior,Tokyo,72206.0,24.0,3.0,1.0,0.0,0.0,Male
E10633,Paul Henry,25.0,Finance,Senior,New York,38057.0,1.0,3.0,0.0,0.0,0.0,Female
E10634,Diane Spencer,60.0,Marketing,Intern,London,136510.0,30.0,4.0,1.0,0.0,1.0,Male
E10635,Elizabeth Meyer,58.0,R&D,Intern,Remote,132793.0,15.0,5.0,1.0,0.0,0.0,Male
E10636,Joseph Krause,60.0,Finance,Intern,San Francisco,206045.0,34.0,5.0,1.0,1.0,0.0,Male
E10637,Catherine Gibson,27.0,Sales,Manager,Bangalore,90252.0,30.0,3.0,0.0,0.0,1.0,Male
E10638,Dylan Johnson,43.0,Finance,Manager,Tokyo,61599.0,2.0,3.0,1.0,0.0,1.0,Male
E10639,Don Baker,29.0,IT,C-level,Remote,54060.0,18.0,5.0,0.0,0.0,0.0,Male
E10640,Nancy Miller,48.0,Finance,C-level,Berlin,45403.0,7.0,5.0,0.0,0.0,1.0,Male
E10641,Jennifer Harrison,63.0,HR,Intern,San Francisco,168461.0,5.0,2.0,0.0,0.0,0.0,Female
E10642,David Stewart,19.0,Finance,Lead,Bangalore,62133.0,23.0,2.0,0.0,0.0,1.0,Female
E10643,Paula Thompson,62.0,Operations,Intern,San Francisco,151267.0,34.0,3.0,1.0,0.0,0.0,Male
E10644,Nancy Wade,47.0,Admin,C-level,Remote,13128.0,35.0,3.0,1.0,1.0,1.0,Male
E10645,Patricia Larson,24.0,Operations,Manager,New York,33951.0,22.0,3.0,1.0,0.0,0.0,Male
E10646,Melissa Bailey,60.0,Admin,Intern,Bangalore,299384.0,34.0,3.0,0.0,0.0,0.0,Female
E10647,Elizabeth Gonzalez,45.0,Finance,Mid,New York,45684.0,0.0,1.0,0.0,0.0,1.0,Female
E10648,Mr. Kevin Huff,22.0,HR,Junior,Bangalore,113185.0,28.0,1.0,0.0,0.0,1.0,Female
E10649,Arthur Ford,43.0,Sales,Director,New York,45586.0,23.0,4.0,0.0,0.0,0.0,Male
E10650,Eddie Harris,61.0,Finance,Intern,London,132219.0,12.0,3.0,1.0,0.0,1.0,Male
E10651,Michael Evans,20.0,Operations,Manager,London,30776.0,9.0,4.0,1.0,0.0,0.0,Male
E10652,Monica Flores,57.0,Sales,Intern,London,301568.0,14.0,4.0,0.0,0.0,0.0,Male
E10653,James Price,38.0,HR,Junior,Bangalore,109005.0,9.0,5.0,0.0,0.0,0.0,Male
E10654,Nancy Williams,61.0,IT,Intern,San Francisco,152059.0,39.0,5.0,1.0,1.0,1.0,Non-binary
E10655,Justin Boyd,32.0,HR,Junior,Berlin,131468.0,10.0,3.0,1.0,1.0,0.0,Female
E10656,Lauren Cobb,47.0,R&D,Mid,San Francisco,426.0,1.0,1.0,0.0,0.0,0.0,Female
E10657,Amanda Casey,22.0,Admin,Lead,Remote,104275.0,30.0,5.0,1.0,0.0,0.0,Non-binary
E10658,Laura White,41.0,Legal,Lead,New York,53643.0,3.0,4.0,0.0,0.0,1.0,Male
E10659,Sarah Smith,50.0,R&D,Junior,Tokyo,35836.0,16.0,4.0,1.0,0.0,1.0,Male
E10660,Cheyenne Garcia,19.0,HR,C-level,Remote,25275.0,28.0,5.0,0.0,0.0,1.0,Male
E10661,Janice Spencer,40.0,Marketing,Intern,New York,243527.0,11.0,5.0,0.0,0.0,0.0,Male
E10662,Lauren Nelson,41.0,Admin,C-level,Berlin,68569.0,24.0,3.0,0.0,1.0,0.0,Male
E10663,Andrew Hernandez,62.0,Operations,Intern,Remote,104698.0,23.0,1.0,1.0,0.0,1.0,Female
E10664,John Juarez,47.0,R&D,Manager,London,50382.0,7.0,3.0,1.0,1.0,1.0,Other
E10665,Robert Jackson,62.0,Finance,Intern,Tokyo,175415.0,16.0,4.0,1.0,0.0,1.0,Male
E10666,Jacob Brown,56.0,HR,Intern,Berlin,173108.0,3.0,3.0,1.0,0.0,0.0,Male
E10667,Timothy Rose,53.0,Marketing,Lead,Bangalore,104905.0,39.0,3.0,0.0,0.0,1.0,Male
E10668,Jeremiah Cohen DDS,22.0,IT,Intern,Tokyo,272031.0,2.0,3.0,0.0,1.0,0.0,Male
E10669,Yvonne Salinas,28.0,IT,Lead,London,71812.0,19.0,1.0,1.0,1.0,1.0,Non-binary
E10670,Christian Powell,53.0,HR,C-level,New York,45463.0,31.0,5.0,1.0,1.0,0.0,Male
E10671,Joe Williams,27.0,Operations,C-level,San Francisco,22477.0,37.0,3.0,0.0,0.0,1.0,Male
E10672,Kenneth Harris,40.0,Legal,Manager,Tokyo,84368.0,7.0,4.0,1.0,1.0,1.0,Male
E10673,David Sutton,60.0,Admin,Intern,Remote,169989.0,18.0,3.0,1.0,0.0,0.0,Female
E10674,Victoria Morgan,51.0,IT,Senior,Tokyo,50681.0,33.0,5.0,1.0,0.0,1.0,Male
E10675,Kelly Johnson,64.0,Legal,Intern,San Francisco,188862.0,22.0,3.0,1.0,0.0,1.0,Male
E10676,Dr. Tiffany Hayes,33.0,Operations,Director,Tokyo,84119.0,6.0,4.0,1.0,1.0,0.0,Male
E10677,Christopher Ortiz,20.0,Operations,Junior,Tokyo,87901.0,13.0,5.0,1.0,0.0,1.0,Male
E10678,Francisco Nunez,52.0,Legal,Junior,London,34919.0,10.0,3.0,1.0,0.0,1.0,Male
E10679,Travis Henderson,55.0,Legal,Junior,Bangalore,78318.0,22.0,2.0,0.0,1.0,0.0,Female
E10680,Keith Thomas,57.0,Admin,Intern,San Francisco,228512.0,20.0,1.0,1.0,0.0,1.0,Other
E10681,Dustin Davis,63.0,Admin,Intern,Bangalore,231064.0,39.0,1.0,0.0,0.0,0.0,Female
E10682,Anthony Nelson,62.0,Admin,Intern,New York,228499.0,24.0,5.0,1.0,1.0,1.0,Male
E10683,Christina Clay,63.0,R&D,Intern,San Francisco,137633.0,17.0,3.0,0.0,1.0,0.0,Female
E10684,Rebekah Rasmussen,45.0,IT,Mid,Berlin,73216.0,29.0,5.0,0.0,0.0,0.0,Male
E10685,Diana Perez,53.0,Finance,Intern,Berlin,309203.0,15.0,3.0,0.0,1.0,1.0,Male
E10686,Bethany Scott,39.0,Finance,Manager,London,81247.0,19.0,5.0,0.0,0.0,1.0,Male
E10687,Christopher Holmes,39.0,IT,C-level,San Francisco,14907.0,7.0,3.0,1.0,0.0,0.0,Non-binary
E10688,Holly Mann,43.0,Finance,Mid,New York,4992.0,7.0,2.0,0.0,0.0,1.0,Female
E10689,Craig Terrell,18.0,Admin,Intern,London,296181.0,13.0,4.0,1.0,0.0,0.0,Male
E10690,Susan Hall,43.0,Sales,Junior,Bangalore,87732.0,3.0,3.0,1.0,0.0,1.0,Male
E10691,Matthew Myers,47.0,Admin,Manager,San Francisco,143493.0,24.0,3.0,1.0,0.0,0.0,Male
E10692,Kelly Deleon,51.0,HR,C-level,New York,87389.0,12.0,2.0,1.0,1.0,0.0,Female
E10693,Michael Santos,35.0,Legal,Junior,Remote,50717.0,31.0,1.0,1.0,0.0,1.0,Female
E10694,Wendy Scott,49.0,Operations,Intern,London,240547.0,6.0,5.0,0.0,1.0,1.0,Male
E10695,Jacqueline Gibson,19.0,HR,Junior,New York,26910.0,31.0,2.0,1.0,1.0,0.0,Female
E10696,Sabrina Rodriguez,25.0,IT,Junior,London,52991.0,21.0,3.0,1.0,1.0,0.0,Female
E10697,Sarah Harris,61.0,Legal,Intern,New York,98033.0,21.0,4.0,1.0,1.0,1.0,Male
E10698,Jacob Melendez,35.0,Marketing,VP,San Francisco,95736.0,12.0,4.0,0.0,0.0,0.0,Male
E10699,Amy Gordon,45.0,Admin,Mid,Tokyo,115963.0,1.0,3.0,1.0,0.0,1.0,Female
E10700,James Jenkins,18.0,HR,Director,Berlin,108665.0,34.0,5.0,0.0,1.0,0.0,Male
E10701,Kimberly Miles,39.0,Marketing,VP,San Francisco,35261.0,17.0,3.0,0.0,0.0,0.0,Male
E10702,Andrea Greene,57.0,R&D,Intern,Tokyo,201765.0,6.0,1.0,0.0,0.0,0.0,Female
E10703,Amber Elliott,28.0,Sales,Director,Remote,67150.0,28.0,5.0,0.0,0.0,0.0,Male
E10704,Matthew Medina,31.0,HR,Mid,Tokyo,76746.0,12.0,3.0,1.0,0.0,1.0,Non-binary
E10705,Tricia Shields,62.0,Marketing,Intern,Remote,206044.0,3.0,3.0,0.0,0.0,0.0,Female
E10706,Shelly Matthews,57.0,Admin,Intern,Berlin,267414.0,38.0,2.0,0.0,0.0,1.0,Female
E10707,Peter Colon,62.0,Operations,Intern,Berlin,282604.0,29.0,3.0,1.0,0.0,1.0,Male
E10708,Lisa Kent,59.0,Finance,Intern,San Francisco,107095.0,14.0,3.0,1.0,0.0,1.0,Male
E10709,Lisa Ferrell,56.0,Legal,Intern,New York,276615.0,11.0,4.0,0.0,0.0,1.0,Male
E10710,Amanda Bradley,22.0,Finance,VP,Tokyo,46187.0,18.0,5.0,1.0,0.0,1.0,Male
E10711,Kelsey Brock,60.0,Operations,Intern,New York,112570.0,3.0,1.0,1.0,1.0,0.0,Female
E10712,Christine Johnson,50.0,R&D,Junior,Remote,19747.0,24.0,4.0,1.0,0.0,1.0,Male
E10713,Mary Roberts,26.0,HR,Senior,Remote,36174.0,31.0,2.0,1.0,0.0,0.0,Female
E10714,David Marshall,36.0,Legal,Mid,New York,53300.0,7.0,3.0,0.0,1.0,0.0,Male
E10715,Timothy Lane,62.0,Admin,Intern,London,216482.0,5.0,4.0,0.0,0.0,0.0,Male
E10716,Kimberly Barrett,20.0,Sales,Senior,Tokyo,107583.0,22.0,3.0,0.0,0.0,1.0,Male
E10717,Michael Shannon,40.0,Admin,Manager,Tokyo,112711.0,6.0,5.0,0.0,0.0,0.0,Male
E10718,Christopher Petersen,39.0,Legal,C-level,Berlin,9567.0,4.0,4.0,0.0,0.0,0.0,Male
E10719,Dwayne Hughes,22.0,Legal,Lead,London,72525.0,3.0,4.0,0.0,1.0,1.0,Male
E10720,Nancy Roman,54.0,Sales,C-level,Bangalore,12929.0,20.0,1.0,0.0,0.0,1.0,Female
E10721,Daniel Meyer,38.0,HR,Mid,Tokyo,79118.0,8.0,2.0,0.0,1.0,0.0,Female
E10722,Matthew Davis,55.0,Sales,Manager,Remote,59771.0,26.0,3.0,1.0,0.0,0.0,Female
E10723,April Newman,50.0,R&D,Mid,New York,4313.0,29.0,2.0,0.0,0.0,1.0,Female
E10724,Robert Silva,60.0,Admin,Intern,Berlin,283873.0,15.0,3.0,0.0,0.0,1.0,Female
E10725,Lindsey Clark,51.0,Marketing,Lead,New York,22564.0,27.0,3.0,1.0,1.0,0.0,Male
E10726,Robert Bailey,27.0,Marketing,Intern,London,185080.0,22.0,5.0,0.0,0.0,0.0,Male
E10727,Lori Mcintosh,46.0,Finance,Mid,New York,77025.0,22.0,1.0,1.0,1.0,1.0,Female
E10728,Jordan Cline,39.0,Legal,Junior,Berlin,85803.0,37.0,4.0,1.0,1.0,0.0,Male
E10729,Mary Johnson,35.0,IT,Intern,New York,258612.0,17.0,3.0,0.0,0.0,1.0,Female
E10730,Scott Hensley,63.0,Finance,Intern,Bangalore,235386.0,2.0,3.0,1.0,1.0,0.0,Male
E10731,Brittany Abbott,40.0,Admin,Intern,San Francisco,303144.0,16.0,1.0,0.0,1.0,0.0,Female
E10732,Joseph Anderson,54.0,Finance,C-level,San Francisco,53681.0,18.0,4.0,1.0,0.0,1.0,Male
E10733,Christopher Shelton,45.0,Sales,VP,Tokyo,28999.0,12.0,3.0,0.0,0.0,0.0,Female
E10734,Olivia Holland,26.0,Finance,VP,Bangalore,68609.0,0.0,3.0,1.0,1.0,1.0,Male
E10735,Erica Woodard,56.0,Admin,Intern,San Francisco,200418.0,33.0,3.0,1.0,0.0,0.0,Male
E10736,Daniel Hensley,38.0,Admin,Intern,New York,303430.0,30.0,3.0,1.0,1.0,1.0,Female
E10737,Julia Johnson,35.0,Marketing,C-level,London,67433.0,34.0,2.0,1.0,0.0,1.0,Female
E10738,Robert Campbell,36.0,Operations,Intern,New York,216510.0,11.0,2.0,0.0,0.0,1.0,Female
E10739,Aaron Costa,51.0,R&D,Manager,London,21807.0,13.0,3.0,0.0,0.0,1.0,Male
E10740,Raymond Matthews,46.0,Finance,C-level,Berlin,20960.0,36.0,3.0,1.0,1.0,1.0,Male
E10741,Bradley Pierce,41.0,HR,Intern,Bangalore,250526.0,16.0,5.0,0.0,1.0,1.0,Male
E10742,Gabriel Adams,54.0,Operations,Senior,San Francisco,21654.0,12.0,1.0,1.0,0.0,1.0,Female
E10743,Calvin Merritt,36.0,Operations,Lead,New York,37028.0,11.0,3.0,1.0,0.0,1.0,Male
E10744,Erica Cantrell,61.0,Admin,Intern,Tokyo,270431.0,21.0,1.0,1.0,0.0,0.0,Female
E10745,Rick Ryan,53.0,Operations,Manager,Bangalore,66599.0,11.0,3.0,0.0,0.0,0.0,Male
E10746,Ryan Mahoney,51.0,Finance,VP,Tokyo,61055.0,9.0,3.0,0.0,1.0,1.0,Male
E10747,Mr. John Benton,61.0,Marketing,Intern,London,217800.0,25.0,3.0,0.0,0.0,0.0,Male
E10748,Kevin Melton,26.0,Sales,Intern,New York,180568.0,23.0,4.0,0.0,0.0,0.0,Male
E10749,Brenda Hanson,20.0,Admin,VP,Tokyo,133093.0,0.0,4.0,1.0,0.0,0.0,Male
E10750,Martin Aguilar,44.0,Legal,Director,London,35958.0,22.0,2.0,1.0,0.0,1.0,Other
E10751,Blake Adams,40.0,R&D,VP,Tokyo,59934.0,31.0,2.0,0.0,0.0,0.0,Female
E10752,Lori Salas,34.0,R&D,Manager,San Francisco,35101.0,32.0,1.0,0.0,1.0,1.0,Female
E10753,Amber Baker,51.0,Operations,C-level,Remote,17698.0,24.0,5.0,1.0,0.0,0.0,Male
E10754,Nicole Richardson,37.0,IT,Senior,New York,27833.0,27.0,2.0,1.0,0.0,1.0,Female
E10755,Andrew Downs,43.0,Operations,Junior,Tokyo,83545.0,6.0,3.0,1.0,1.0,0.0,Male
E10756,Angela Walker,25.0,Sales,Manager,New York,41810.0,11.0,3.0,0.0,0.0,1.0,Male
E10757,Nicholas Rodriguez,57.0,IT,Intern,Remote,127559.0,38.0,3.0,1.0,1.0,0.0,Female
E10758,Robert Mora,30.0,Admin,Junior,Berlin,129205.0,5.0,5.0,1.0,0.0,0.0,Male
E10759,Keith Morales,24.0,Operations,Senior,London,41820.0,5.0,2.0,0.0,1.0,1.0,Female
E10760,Alexander Cain,36.0,Legal,VP,Remote,30229.0,25.0,3.0,1.0,0.0,1.0,Male
E10761,Sarah Smith,63.0,Admin,Intern,San Francisco,213043.0,22.0,5.0,1.0,1.0,0.0,Male
E10762,Dalton Obrien,52.0,Operations,Mid,Berlin,80703.0,8.0,2.0,1.0,1.0,1.0,Other
E10763,Edward Terrell Jr.,63.0,Marketing,Intern,San Francisco,150359.0,17.0,5.0,1.0,1.0,0.0,Male
E10764,Justin Torres,35.0,R&D,Mid,New York,249.0,24.0,5.0,1.0,0.0,0.0,Male
E10765,Alexandra Smith,38.0,Finance,Manager,San Francisco,44720.0,38.0,5.0,1.0,0.0,0.0,Male
E10766,Joshua Pena,59.0,Legal,Intern,Bangalore,181199.0,35.0,5.0,0.0,0.0,0.0,Male
E10767,Kimberly Duncan,36.0,HR,Senior,New York,79275.0,10.0,1.0,1.0,0.0,1.0,Female
E10768,Jessica Pruitt,26.0,Marketing,VP,San Francisco,46839.0,7.0,3.0,1.0,0.0,1.0,Female
E10769,Christine Wallace,58.0,R&D,Intern,London,276838.0,6.0,5.0,1.0,0.0,0.0,Male
E10770,Nichole Johnson,53.0,HR,VP,Bangalore,97136.0,4.0,3.0,1.0,0.0,0.0,Female
E10771,Catherine Cook,38.0,HR,Director,London,42024.0,4.0,4.0,1.0,1.0,0.0,Male
E10772,Justin Norris,55.0,Legal,Lead,New York,45650.0,8.0,2.0,1.0,1.0,0.0,Female
E10773,Andrea Moran,43.0,HR,Lead,San Francisco,73872.0,21.0,5.0,0.0,0.0,0.0,Male
E10774,Luis Moore,41.0,HR,Senior,Remote,29916.0,27.0,5.0,0.0,1.0,0.0,Male
E10775,Kristin King,53.0,HR,VP,Remote,69852.0,22.0,5.0,1.0,1.0,0.0,Male
E10776,Jeffrey Martinez,50.0,IT,VP,San Francisco,59732.0,8.0,3.0,0.0,0.0,0.0,Female
E10777,Amy Smith,34.0,Legal,Lead,New York,42319.0,9.0,1.0,0.0,0.0,1.0,Female
E10778,Claire Page,27.0,Marketing,VP,Tokyo,48261.0,3.0,5.0,1.0,0.0,0.0,Male
E10779,Brenda Cook,34.0,IT,C-level,Bangalore,5372.0,8.0,4.0,1.0,0.0,0.0,Male
E10780,Richard Mcpherson,32.0,Operations,Senior,Remote,48280.0,18.0,5.0,0.0,0.0,1.0,Male
E10781,Jeffrey Wilson,62.0,HR,Intern,London,106820.0,8.0,5.0,1.0,0.0,0.0,Male
E10782,Russell Thompson,31.0,HR,C-level,Bangalore,12262.0,12.0,3.0,1.0,1.0,0.0,Other
E10783,Sierra Parrish,20.0,Admin,Junior,San Francisco,57396.0,17.0,4.0,1.0,1.0,1.0,Male
E10784,Tiffany Christensen,52.0,Legal,C-level,Berlin,728.0,11.0,4.0,1.0,0.0,1.0,Male
E10785,Shelby Watkins,47.0,Sales,Manager,London,35961.0,28.0,4.0,1.0,1.0,0.0,Male
E10786,Jeremiah Torres,58.0,Operations,Intern,New York,213660.0,39.0,5.0,1.0,0.0,0.0,Male
E10787,Alexis Cook,44.0,Sales,Manager,San Francisco,63996.0,10.0,3.0,1.0,0.0,1.0,Male
E10788,Debra Stevenson,35.0,Sales,Senior,Tokyo,73425.0,6.0,4.0,0.0,0.0,0.0,Male
E10789,Stanley Delgado,20.0,Legal,Director,Tokyo,70002.0,13.0,3.0,1.0,1.0,0.0,Male
E10790,Tyler Zhang,27.0,Legal,C-level,Tokyo,42797.0,24.0,2.0,1.0,0.0,1.0,Non-binary
E10791,Ashley Wright,21.0,R&D,Junior,New York,57919.0,7.0,4.0,1.0,1.0,1.0,Other
E10792,Karen Smith,56.0,IT,Intern,San Francisco,21581.0,14.0,2.0,1.0,0.0,0.0,Female
E10793,Larry Burgess,19.0,Finance,C-level,San Francisco,13786.0,28.0,3.0,0.0,0.0,1.0,Female
E10794,Taylor Wells,21.0,Operations,Director,Tokyo,72238.0,7.0,3.0,0.0,0.0,0.0,Female
E10795,Ricky Montoya,25.0,IT,VP,Tokyo,46761.0,35.0,5.0,1.0,0.0,1.0,Male
E10796,Heather Marshall,18.0,Legal,Manager,Berlin,91554.0,11.0,3.0,1.0,0.0,1.0,Female
E10797,Linda Singleton,21.0,IT,Junior,Bangalore,88708.0,22.0,3.0,1.0,0.0,0.0,Male
E10798,Rebekah Gomez,19.0,R&D,Mid,New York,9899.0,31.0,3.0,0.0,0.0,1.0,Male
E10799,Patrick Levine,22.0,Finance,Intern,New York,232353.0,2.0,4.0,0.0,0.0,1.0,Male
E10800,Ashley Campbell,63.0,HR,Intern,Tokyo,151830.0,38.0,1.0,1.0,1.0,1.0,Female
E10801,Edward Chapman,20.0,HR,Senior,Bangalore,104575.0,28.0,3.0,0.0,0.0,0.0,Female
E10802,Amy Taylor,45.0,Legal,Senior,London,62934.0,18.0,5.0,0.0,0.0,1.0,Male
E10803,Juan Moore,59.0,R&D,Intern,Berlin,155712.0,20.0,2.0,0.0,0.0,0.0,Female
E10804,Thomas Bailey,36.0,Sales,VP,New York,27519.0,3.0,3.0,0.0,1.0,0.0,Male
E10805,Amanda Thompson,26.0,Sales,Intern,Berlin,329000.0,13.0,5.0,0.0,1.0,1.0,Male
E10806,Brian Schmidt,43.0,R&D,Senior,Tokyo,96575.0,33.0,5.0,1.0,0.0,1.0,Male
E10807,Christopher Alvarado,61.0,Admin,Intern,Tokyo,231227.0,2.0,5.0,1.0,0.0,0.0,Male
E10808,John Garcia,51.0,Marketing,VP,New York,38672.0,9.0,5.0,1.0,0.0,0.0,Male
E10809,Tracy Hoffman,64.0,HR,Intern,Remote,200760.0,7.0,5.0,1.0,0.0,0.0,Male
E10810,Kristin Harvey,38.0,Finance,VP,New York,48955.0,1.0,5.0,1.0,0.0,1.0,Male
E10811,Joyce Lewis,48.0,HR,Lead,San Francisco,58547.0,27.0,2.0,1.0,0.0,1.0,Female
E10812,Jeanne White,48.0,Legal,C-level,Remote,2170.0,24.0,2.0,1.0,0.0,1.0,Female
E10813,Samuel Jacobs,56.0,IT,Intern,Tokyo,217698.0,27.0,5.0,1.0,0.0,0.0,Male
E10814,Karen Moran,38.0,Marketing,Manager,Tokyo,79418.0,23.0,1.0,0.0,0.0,1.0,Female
E10815,Brett Fleming,33.0,Legal,Manager,San Francisco,46962.0,14.0,3.0,1.0,1.0,1.0,Male
E10816,Jay Hodge,53.0,Sales,Lead,Tokyo,62627.0,17.0,2.0,1.0,0.0,0.0,Female
E10817,Kevin Collier,34.0,Finance,Senior,Bangalore,97857.0,28.0,3.0,0.0,0.0,0.0,Male
E10818,Jennifer Levy,33.0,Admin,Lead,London,140965.0,29.0,2.0,0.0,0.0,1.0,Female
E10819,Gina Taylor,23.0,Legal,Director,San Francisco,16157.0,13.0,4.0,0.0,1.0,1.0,Male
E10820,Hunter Smith,18.0,Sales,Director,Bangalore,115275.0,9.0,3.0,1.0,0.0,1.0,Male
E10821,John Fernandez,28.0,Operations,Senior,Remote,54957.0,16.0,1.0,1.0,1.0,1.0,Non-binary
E10822,Derrick Elliott,46.0,Sales,Manager,San Francisco,63460.0,10.0,3.0,0.0,1.0,0.0,Male
E10823,Haley Williams,26.0,HR,Senior,Remote,54137.0,22.0,3.0,0.0,0.0,0.0,Female
E10824,Hannah Lewis,56.0,HR,Intern,Tokyo,188083.0,37.0,3.0,1.0,0.0,0.0,Female
E10825,Deborah Wiley,27.0,Sales,Junior,Bangalore,77140.0,11.0,2.0,1.0,0.0,1.0,Female
E10826,Jeremy Jennings,45.0,HR,VP,New York,25691.0,11.0,4.0,1.0,0.0,0.0,Male
E10827,Autumn Wright,32.0,Finance,Lead,San Francisco,21344.0,39.0,3.0,0.0,0.0,1.0,Other
E10828,Sean Smith,32.0,HR,VP,Bangalore,50488.0,29.0,5.0,1.0,0.0,0.0,Male
E10829,Mary Dorsey,38.0,HR,Manager,San Francisco,64910.0,19.0,1.0,0.0,0.0,0.0,Female
E10830,Erika Martin,59.0,Marketing,Intern,Remote,196635.0,37.0,5.0,1.0,0.0,1.0,Male
E10831,Heather Edwards,27.0,R&D,Director,San Francisco,39291.0,6.0,3.0,0.0,0.0,0.0,Male
E10832,Joshua Kennedy,63.0,Operations,Intern,London,155380.0,17.0,1.0,0.0,0.0,1.0,Female
E10833,Daniel Kaiser,46.0,R&D,Junior,New York,1099.0,1.0,4.0,1.0,1.0,1.0,Male
E10834,Jerry Pope,48.0,Admin,Junior,Bangalore,140898.0,26.0,5.0,0.0,0.0,1.0,Male
E10835,Sierra Chen,52.0,IT,Mid,Bangalore,126108.0,37.0,3.0,1.0,0.0,0.0,Male
E10836,Erica Lyons,54.0,R&D,Junior,San Francisco,28302.0,33.0,4.0,1.0,0.0,0.0,Male
E10837,Cheryl Kirk,44.0,Marketing,Manager,Remote,41632.0,20.0,4.0,0.0,0.0,1.0,Male
E10838,Michael Reid,37.0,HR,Senior,Remote,55931.0,6.0,3.0,1.0,1.0,1.0,Male
E10839,Bryan Steele,54.0,R&D,Senior,Remote,16634.0,7.0,3.0,0.0,1.0,0.0,Male
E10840,Carlos Lopez,23.0,R&D,Director,New York,8720.0,4.0,3.0,1.0,1.0,1.0,Male
E10841,Michelle Smith,51.0,Legal,VP,Bangalore,101600.0,35.0,3.0,0.0,0.0,1.0,Non-binary
E10842,Jordan Castillo,19.0,R&D,VP,Bangalore,45417.0,8.0,5.0,1.0,0.0,1.0,Male
E10843,Austin Jackson,51.0,HR,Director,San Francisco,45050.0,18.0,4.0,1.0,0.0,0.0,Male
E10844,Elijah Beltran,57.0,HR,Intern,San Francisco,178848.0,2.0,3.0,0.0,0.0,0.0,Other
E10845,Kylie Walker,64.0,Finance,Intern,San Francisco,153033.0,3.0,3.0,0.0,0.0,1.0,Male
E10846,Benjamin Vazquez,26.0,Legal,Director,New York,33216.0,30.0,3.0,1.0,0.0,0.0,Non-binary
E10847,Henry Perry,22.0,Legal,C-level,Tokyo,5864.0,2.0,2.0,1.0,1.0,1.0,Female
E10848,Christopher Murray,49.0,Marketing,Junior,Tokyo,62405.0,5.0,2.0,1.0,0.0,1.0,Female
E10849,Gerald Pierce,31.0,HR,C-level,New York,19344.0,24.0,4.0,0.0,0.0,0.0,Male
E10850,Cynthia Miller,50.0,Finance,Mid,London,45583.0,35.0,5.0,1.0,1.0,0.0,Male
E10851,Christina Mills,62.0,Finance,Intern,San Francisco,196106.0,8.0,3.0,0.0,0.0,1.0,Female
E10852,Raymond Coleman,19.0,R&D,C-level,Berlin,1094.0,19.0,5.0,1.0,0.0,0.0,Male
E10853,Jennifer Turner,41.0,Finance,VP,Remote,64692.0,35.0,5.0,0.0,1.0,1.0,Male
E10854,Melissa Wright,19.0,Legal,Mid,San Francisco,97541.0,7.0,5.0,1.0,0.0,1.0,Male
E10855,Cory Martin,46.0,Marketing,Mid,Remote,43317.0,35.0,3.0,0.0,0.0,1.0,Female
E10856,Aaron Hunt,49.0,Operations,VP,San Francisco,115867.0,10.0,1.0,1.0,0.0,1.0,Female
E10857,Kathleen Osborne,38.0,Legal,Director,Bangalore,133406.0,10.0,4.0,1.0,1.0,1.0,Male
E10858,Jason Wilson,49.0,R&D,Senior,Berlin,38490.0,5.0,1.0,0.0,0.0,0.0,Female
E10859,Alexis Mason,25.0,Admin,Director,New York,113569.0,38.0,4.0,0.0,1.0,0.0,Male
E10860,Harry Williams,46.0,Finance,Mid,Tokyo,75731.0,6.0,3.0,1.0,0.0,1.0,Male
E10861,Rebecca Wright,32.0,IT,Mid,Berlin,145652.0,35.0,4.0,0.0,0.0,0.0,Male
E10862,Brandy Hunter,52.0,HR,VP,New York,19371.0,33.0,2.0,0.0,0.0,0.0,Female
E10863,Lori Decker,21.0,Legal,Junior,San Francisco,67399.0,13.0,3.0,1.0,0.0,1.0,Female
E10864,Rodney Butler,44.0,Operations,Senior,Remote,74883.0,18.0,5.0,0.0,0.0,0.0,Male
E10865,Katherine Higgins,47.0,Operations,Mid,Berlin,83332.0,32.0,5.0,0.0,1.0,0.0,Male
E10866,Lisa Petersen,59.0,Marketing,Intern,Bangalore,257902.0,15.0,5.0,0.0,0.0,0.0,Male
E10867,Christopher Nicholson,29.0,Marketing,Senior,London,55676.0,23.0,3.0,1.0,0.0,0.0,Male
E10868,Bobby Williams,51.0,Marketing,Director,San Francisco,63616.0,25.0,1.0,1.0,0.0,0.0,Female
E10869,Karen Cooper,26.0,Legal,Junior,Berlin,101086.0,24.0,2.0,0.0,0.0,1.0,Female
E10870,Alexis Walsh,23.0,Sales,Manager,Berlin,59104.0,7.0,1.0,1.0,0.0,0.0,Female
E10871,Christopher Morales,31.0,Admin,Intern,Tokyo,375039.0,17.0,4.0,1.0,0.0,1.0,Male
E10872,Kyle Johnson,53.0,Operations,Mid,Tokyo,81851.0,5.0,3.0,1.0,0.0,1.0,Female
E10873,Curtis Malone,41.0,HR,VP,Bangalore,81123.0,36.0,3.0,0.0,0.0,0.0,Male
E10874,Jesse Weiss,39.0,Finance,Lead,Tokyo,70164.0,21.0,2.0,0.0,0.0,0.0,Female
E10875,Jessica Alexander,25.0,Operations,Mid,London,34361.0,11.0,2.0,0.0,1.0,1.0,Female
E10876,Evelyn Ferguson,52.0,R&D,VP,Bangalore,72274.0,29.0,5.0,1.0,1.0,0.0,Male
E10877,Dr. Gabriella Wheeler,22.0,Legal,Mid,Bangalore,119913.0,26.0,3.0,1.0,0.0,1.0,Male
E10878,Danny Bond,39.0,Legal,C-level,New York,71993.0,23.0,5.0,0.0,0.0,0.0,Male
E10879,Darryl Brown,24.0,Admin,VP,Berlin,136520.0,4.0,3.0,0.0,0.0,1.0,Female
E10880,Christine Brooks,27.0,R&D,Manager,San Francisco,28518.0,29.0,4.0,1.0,1.0,0.0,Male
E10881,Jennifer Ashley,24.0,Marketing,Junior,Tokyo,56633.0,19.0,2.0,1.0,0.0,1.0,Female
E10882,Kathleen Hamilton,31.0,IT,C-level,Berlin,16974.0,18.0,5.0,0.0,1.0,0.0,Male
E10883,Brian Vazquez,25.0,Sales,Intern,London,218698.0,11.0,2.0,1.0,0.0,1.0,Female
E10884,James Pham,20.0,Admin,VP,New York,85293.0,36.0,2.0,0.0,0.0,0.0,Female
E10885,Anna Walter,60.0,IT,Intern,Tokyo,186495.0,39.0,1.0,0.0,0.0,0.0,Female
E10886,Diana Williams,19.0,IT,Director,Bangalore,112030.0,17.0,4.0,1.0,0.0,1.0,Male
E10887,Debra Williams,46.0,Legal,Senior,Berlin,94484.0,9.0,4.0,0.0,0.0,1.0,Male
E10888,Yolanda Burnett,19.0,IT,Intern,Bangalore,328976.0,37.0,3.0,0.0,0.0,0.0,Male
E10889,Carolyn Garcia,38.0,Legal,C-level,Bangalore,33757.0,39.0,5.0,1.0,0.0,1.0,Male
E10890,Jennifer Rasmussen,50.0,Legal,Intern,Tokyo,274662.0,3.0,3.0,0.0,1.0,1.0,Female
E10891,Erin Moore,59.0,R&D,Intern,San Francisco,185246.0,28.0,4.0,1.0,0.0,1.0,Male
E10892,Tracy Rasmussen,24.0,Marketing,Lead,Berlin,88849.0,9.0,3.0,0.0,0.0,0.0,Female
E10893,James Lester,28.0,Admin,Mid,Tokyo,126151.0,19.0,2.0,0.0,0.0,0.0,Female
E10894,Erica Snyder,25.0,Sales,Director,Tokyo,88846.0,30.0,3.0,0.0,0.0,0.0,Non-binary
E10895,Destiny Fischer,33.0,Marketing,Senior,Bangalore,88283.0,12.0,4.0,0.0,1.0,1.0,Male
E10896,Barbara Hawkins,41.0,Sales,Mid,New York,38994.0,30.0,3.0,1.0,1.0,1.0,Male
E10897,Kevin Robles,30.0,HR,Intern,San Francisco,265506.0,20.0,4.0,1.0,0.0,1.0,Male
E10898,Teresa Garrett,55.0,Admin,Lead,Berlin,115123.0,13.0,5.0,1.0,0.0,0.0,Non-binary
E10899,Yvette Maldonado,32.0,HR,Manager,Remote,52207.0,25.0,3.0,0.0,0.0,0.0,Female
E10900,Rebecca Ford,59.0,Operations,Intern,Tokyo,156060.0,9.0,3.0,0.0,0.0,0.0,Male
E10901,Virginia Lindsey,53.0,Legal,Manager,San Francisco,83304.0,25.0,3.0,0.0,0.0,1.0,Female
E10902,James Newton,56.0,IT,Intern,Tokyo,213209.0,0.0,3.0,1.0,0.0,0.0,Female
E10903,Richard Delgado,20.0,Finance,Director,London,70683.0,16.0,4.0,1.0,0.0,1.0,Male
E10904,Dakota Robinson,31.0,Sales,Manager,Berlin,79412.0,10.0,2.0,0.0,1.0,0.0,Female
E10905,Kristi Griffin,51.0,Admin,Lead,London,105555.0,36.0,2.0,0.0,0.0,0.0,Female
E10906,Kyle Giles,49.0,Finance,Senior,New York,35207.0,2.0,5.0,1.0,0.0,1.0,Male
E10907,Edward Johnson,54.0,HR,Manager,Bangalore,106470.0,3.0,2.0,0.0,1.0,1.0,Female
E10908,Cindy Wilson,57.0,Operations,Intern,New York,184335.0,3.0,5.0,0.0,0.0,0.0,Male
E10909,Nicholas Hall,61.0,HR,Intern,Bangalore,305987.0,25.0,3.0,1.0,0.0,0.0,Female
E10910,Thomas White,28.0,Admin,Intern,Tokyo,287418.0,12.0,2.0,1.0,1.0,0.0,Female
E10911,Emily Black,22.0,R&D,Mid,Bangalore,14974.0,34.0,4.0,0.0,1.0,0.0,Male
E10912,Sandy York,59.0,Marketing,Intern,Berlin,214454.0,7.0,5.0,1.0,0.0,1.0,Male
E10913,William Gray,27.0,Marketing,Mid,Berlin,72950.0,9.0,3.0,1.0,1.0,0.0,Male
E10914,Cory Harris,40.0,IT,VP,Berlin,94522.0,13.0,3.0,1.0,0.0,0.0,Female
E10915,Keith Kennedy,20.0,HR,Director,London,101973.0,18.0,2.0,0.0,0.0,1.0,Female
E10916,Kimberly Patrick,54.0,Admin,Lead,Berlin,131092.0,14.0,5.0,0.0,0.0,0.0,Male
E10917,Laura Montgomery,25.0,Sales,Junior,San Francisco,34466.0,37.0,4.0,1.0,0.0,1.0,Male
E10918,Robert Morris,23.0,Admin,VP,London,87117.0,5.0,3.0,0.0,0.0,1.0,Female
E10919,Sherri Black,32.0,Sales,Mid,Remote,56717.0,2.0,5.0,1.0,1.0,1.0,Male
E10920,Thomas Sanchez,39.0,Finance,Director,San Francisco,55187.0,32.0,5.0,0.0,1.0,1.0,Male
E10921,Crystal Boyd,33.0,HR,Director,Berlin,107084.0,24.0,2.0,1.0,1.0,1.0,Female
E10922,Dr. Kim Turner,40.0,Legal,Senior,London,41570.0,24.0,5.0,1.0,0.0,1.0,Male
E10923,Kimberly Greene,20.0,Marketing,Intern,San Francisco,223850.0,18.0,5.0,1.0,0.0,1.0,Male
E10924,Sean Reed,50.0,R&D,VP,Bangalore,82467.0,2.0,3.0,0.0,0.0,1.0,Male
E10925,Gabrielle Shaw MD,62.0,R&D,Intern,London,96133.0,20.0,3.0,1.0,0.0,1.0,Female
E10926,Alicia Mendoza,57.0,Operations,Intern,London,166347.0,19.0,3.0,1.0,0.0,1.0,Female
E10927,Andrea Berry,44.0,R&D,Lead,New York,8162.0,8.0,3.0,0.0,0.0,1.0,Female
E10928,Meghan Smith,49.0,HR,Director,New York,19611.0,13.0,3.0,0.0,0.0,0.0,Male
E10929,Mathew Harris,55.0,Operations,Junior,Bangalore,84731.0,34.0,5.0,0.0,0.0,1.0,Male
E10930,Lauren Greene,46.0,Marketing,Manager,New York,26646.0,6.0,3.0,0.0,0.0,1.0,Female
E10931,Crystal Ross,25.0,Admin,Senior,Bangalore,136146.0,6.0,5.0,1.0,0.0,1.0,Male
E10932,Jennifer Wilson,29.0,Finance,Junior,Tokyo,74553.0,32.0,3.0,0.0,1.0,1.0,Male
E10933,Richard Tran,31.0,R&D,VP,New York,22428.0,19.0,3.0,0.0,1.0,0.0,Female
E10934,Dr. Kathleen Hardy,29.0,R&D,Intern,Berlin,203607.0,39.0,4.0,1.0,0.0,1.0,Male
E10935,Scott Kelly,54.0,HR,C-level,San Francisco,35924.0,28.0,3.0,0.0,0.0,0.0,Male
E10936,Bethany Carlson,61.0,R&D,Intern,San Francisco,124593.0,5.0,2.0,1.0,0.0,0.0,Female
E10937,Cynthia Smith,26.0,Finance,Senior,Bangalore,36383.0,20.0,1.0,1.0,1.0,0.0,Female
E10938,Jennifer Jones,59.0,HR,Intern,San Francisco,116606.0,38.0,3.0,1.0,1.0,0.0,Female
E10939,Christopher Richardson,33.0,Legal,Senior,New York,56141.0,39.0,2.0,0.0,0.0,0.0,Female
E10940,Timothy Robles,54.0,HR,Manager,Berlin,41249.0,28.0,1.0,0.0,0.0,0.0,Female
E10941,Lisa Lucas,42.0,IT,Senior,Berlin,77280.0,2.0,5.0,0.0,1.0,0.0,Male
E10942,Troy Salas,60.0,HR,Intern,Berlin,129221.0,0.0,3.0,1.0,0.0,0.0,Male
E10943,Daniel Hart,30.0,IT,Mid,Berlin,84647.0,23.0,5.0,0.0,1.0,0.0,Male
E10944,Jill Stewart,26.0,Marketing,Mid,Berlin,56362.0,25.0,3.0,0.0,0.0,0.0,Male
E10945,John Watson,61.0,Sales,Intern,New York,125092.0,30.0,2.0,0.0,0.0,0.0,Female
E10946,Brian Williams,43.0,R&D,Junior,San Francisco,47570.0,36.0,3.0,1.0,0.0,1.0,Female
E10947,Erik Cunningham,31.0,Admin,Senior,Bangalore,117229.0,20.0,5.0,0.0,0.0,0.0,Male
E10948,Brian Reese,63.0,Sales,Intern,Tokyo,226361.0,31.0,4.0,0.0,0.0,0.0,Male
E10949,Stephen Smith,32.0,Operations,Senior,Tokyo,42401.0,33.0,4.0,1.0,0.0,0.0,Male
E10950,Travis Knox,58.0,Admin,Intern,Berlin,268945.0,31.0,2.0,1.0,1.0,1.0,Female
E10951,Brittany Howe,19.0,Operations,Mid,New York,3032.0,22.0,3.0,1.0,1.0,1.0,Male
E10952,Ronald Ward,26.0,Operations,Senior,Bangalore,61644.0,38.0,5.0,1.0,1.0,0.0,Male
E10953,Cheryl Marsh,40.0,Operations,C-level,Berlin,16031.0,8.0,3.0,0.0,0.0,0.0,Male
E10954,Brandon Richardson,20.0,Admin,Junior,New York,99685.0,33.0,1.0,1.0,0.0,0.0,Female
E10955,Deanna Melton,63.0,HR,Intern,Remote,140056.0,30.0,4.0,0.0,1.0,0.0,Male
E10956,Veronica Green,25.0,Admin,Junior,Remote,97335.0,25.0,1.0,1.0,1.0,0.0,Female
E10957,Katelyn Rowe,33.0,Legal,Senior,London,54521.0,22.0,2.0,1.0,0.0,1.0,Female
E10958,Marcus Haney,62.0,Operations,Intern,London,178513.0,10.0,2.0,0.0,0.0,1.0,Female
E10959,Melinda Collins,55.0,Operations,Intern,Remote,253692.0,37.0,3.0,0.0,0.0,1.0,Male
E10960,Lisa White,39.0,IT,Senior,Remote,62529.0,26.0,1.0,0.0,1.0,0.0,Non-binary
E10961,Jay Stanley,54.0,Admin,Manager,Tokyo,124314.0,15.0,1.0,0.0,1.0,1.0,Female
E10962,Robert Cook MD,59.0,Admin,Intern,New York,195933.0,13.0,2.0,1.0,0.0,1.0,Female
E10963,Clifford Fuentes,34.0,HR,Mid,New York,1805.0,35.0,3.0,1.0,0.0,0.0,Female
E10964,Kimberly Hartman,27.0,Legal,Junior,Berlin,75775.0,9.0,3.0,1.0,0.0,0.0,Female
E10965,Patrick Flores,35.0,Operations,Intern,Remote,250975.0,28.0,4.0,1.0,0.0,1.0,Male
E10966,Destiny Webb,39.0,Finance,Junior,Remote,14022.0,1.0,3.0,0.0,0.0,1.0,Female
E10967,Zachary Webb,39.0,IT,Manager,Remote,80516.0,31.0,3.0,1.0,0.0,0.0,Male
E10968,Carolyn Kane,55.0,IT,Mid,Berlin,109921.0,22.0,2.0,0.0,0.0,0.0,Female
E10969,Hannah Thompson,28.0,Legal,Lead,Tokyo,58168.0,14.0,4.0,0.0,0.0,0.0,Male
E10970,Nicholas Allen,35.0,Marketing,Intern,Berlin,214136.0,11.0,3.0,0.0,0.0,1.0,Female
E10971,Jessica Smith,38.0,Legal,Director,San Francisco,66242.0,14.0,1.0,1.0,1.0,1.0,Female
E10972,Cheryl Perry,47.0,Finance,Manager,London,45428.0,37.0,4.0,0.0,0.0,1.0,Male
E10973,James Massey,52.0,HR,Mid,London,44251.0,30.0,3.0,1.0,1.0,0.0,Female
E10974,Cory Ortiz,24.0,IT,Mid,Tokyo,84663.0,28.0,3.0,0.0,0.0,0.0,Male
E10975,Michael Park,47.0,Marketing,Senior,San Francisco,63463.0,30.0,4.0,1.0,0.0,1.0,Male
E10976,Jamie Lopez,26.0,IT,Junior,Berlin,71680.0,15.0,4.0,1.0,0.0,0.0,Male
E10977,David Campbell,46.0,Marketing,Mid,Remote,71671.0,34.0,2.0,0.0,0.0,0.0,Female
E10978,Aaron Friedman,31.0,Operations,C-level,Bangalore,22241.0,6.0,5.0,1.0,0.0,1.0,Male
E10979,Russell Williams,36.0,HR,Director,Bangalore,99528.0,7.0,3.0,0.0,0.0,0.0,Female
E10980,Alexis Richardson,37.0,Sales,Senior,Tokyo,116801.0,2.0,3.0,1.0,0.0,0.0,Male
E10981,Sarah Dixon,55.0,Finance,Director,Bangalore,114640.0,29.0,5.0,0.0,0.0,1.0,Male
E10982,Alex Garcia,40.0,Marketing,Manager,Remote,63257.0,2.0,5.0,1.0,0.0,1.0,Male
E10983,Richard Roberts,59.0,Legal,Intern,London,168920.0,22.0,5.0,0.0,0.0,1.0,Male
E10984,Jared Cordova,53.0,Sales,Junior,London,61778.0,36.0,2.0,1.0,1.0,1.0,Non-binary
E10985,Christopher Fischer,49.0,Legal,Intern,London,321971.0,19.0,3.0,1.0,0.0,0.0,Male
E10986,Michael Bailey,41.0,Sales,Junior,Berlin,56169.0,5.0,3.0,0.0,0.0,1.0,Male
E10987,Erika Love,48.0,Legal,Junior,Berlin,113590.0,23.0,1.0,0.0,0.0,1.0,Female
E10988,Craig Solomon,46.0,Finance,Mid,San Francisco,23722.0,38.0,3.0,1.0,0.0,1.0,Female
E10989,Curtis Perry,30.0,R&D,Lead,Remote,38805.0,9.0,3.0,1.0,1.0,0.0,Male
E10990,Jennifer Mcdonald,45.0,R&D,Director,London,37897.0,35.0,3.0,1.0,0.0,0.0,Male
E10991,Madison Palmer,48.0,HR,Director,Berlin,117829.0,25.0,3.0,0.0,0.0,0.0,Male
E10992,Adriana Townsend,44.0,HR,Intern,New York,207304.0,15.0,4.0,0.0,0.0,0.0,Male
E10993,Mr. Taylor Benson,22.0,Operations,Junior,Berlin,113769.0,12.0,3.0,0.0,0.0,1.0,Male
E10994,Joseph Becker MD,47.0,Admin,Junior,Berlin,113516.0,0.0,3.0,0.0,0.0,0.0,Male
E10995,John Williams,35.0,IT,Mid,Bangalore,99591.0,9.0,4.0,1.0,0.0,1.0,Male
E10996,Phillip Coffey,23.0,Operations,VP,Remote,72873.0,18.0,4.0,0.0,0.0,1.0,Male
E10997,Mr. James Frank,54.0,R&D,Senior,New York,33817.0,23.0,3.0,1.0,0.0,1.0,Female
E10998,Claudia Hodges,30.0,HR,Lead,New York,29830.0,25.0,3.0,1.0,0.0,0.0,Male
E10999,Julie Ritter,58.0,HR,Intern,London,169021.0,10.0,3.0,1.0,1.0,0.0,Female
